x_p,delta_V
0.0000000000,0.0000000000
0.2667309363,-0.0035527482
0.2669740374,-0.0024953751
0.2671015755,-0.0026526748
0.2672134777,-0.0028616100
0.2673177637,-0.0030976437
0.2674183010,-0.0033470390
0.2675167655,-0.0036036193
0.2676144010,-0.0038627000
0.2677115870,-0.0041227393
0.2678084806,-0.0043829359
0.2679052641,-0.0046423865
0.2680018999,-0.0049012397
0.2680985080,-0.0051587732
0.2681950390,-0.0054152468
0.2682915715,-0.0056701110
0.2683881194,-0.0059232485
0.2684846618,-0.0061747701
0.2685811988,-0.0064246496
0.2686777310,-0.0066728476
0.2687742675,-0.0069190865
0.2688708022,-0.0071635082
0.2689673351,-0.0074060865
0.2690638662,-0.0076467950
0.2691603988,-0.0078855105
0.2692569372,-0.0081220878
0.2693534772,-0.0083566195
0.2694500188,-0.0085890792
0.2695465620,-0.0088194406
0.2696431067,-0.0090476774
0.2697396531,-0.0092737632
0.2698362010,-0.0094976717
0.2699327505,-0.0097193766
0.2700293012,-0.0099388375
0.2701258474,-0.0101558355
0.2702223938,-0.0103705088
0.2703189406,-0.0105828310
0.2704154877,-0.0107927758
0.2705120352,-0.0110003169
0.2706085829,-0.0112054280
0.2707051311,-0.0114080826
0.2708016795,-0.0116082546
0.2708982283,-0.0118059175
0.2709947763,-0.0120008744
0.2710913240,-0.0121931721
0.2711878718,-0.0123828364
0.2712844197,-0.0125698410
0.2713809676,-0.0127541596
0.2714775155,-0.0129357658
0.2715740635,-0.0131146333
0.2716706115,-0.0132907358
0.2717671595,-0.0134640469
0.2718637076,-0.0136344603
0.2719602554,-0.0138018925
0.2720568033,-0.0139664154
0.2721533512,-0.0141280028
0.2722498990,-0.0142866283
0.2723464469,-0.0144422656
0.2724429947,-0.0145948883
0.2725395426,-0.0147444703
0.2726360904,-0.0148909850
0.2727326382,-0.0150343978
0.2728291861,-0.0151755432
0.2729257339,-0.0153154097
0.2730222818,-0.0154539790
0.2731188297,-0.0155912328
0.2732153775,-0.0157271530
0.2733119254,-0.0158617212
0.2734084732,-0.0159949192
0.2735050211,-0.0161267287
0.2736015690,-0.0162571314
0.2736981169,-0.0163861092
0.2737946648,-0.0165136436
0.2738912127,-0.0166397166
0.2739877606,-0.0167643098
0.2740843085,-0.0168874049
0.2741808565,-0.0170089837
0.2742774044,-0.0171290280
0.2743739524,-0.0172475194
0.2744705003,-0.0173644397
0.2745670483,-0.0174798088
0.2746635962,-0.0175936279
0.2747601442,-0.0177058369
0.2748566922,-0.0178164187
0.2749532401,-0.0179253559
0.2750497881,-0.0180326311
0.2751463361,-0.0181382270
0.2752428841,-0.0182421264
0.2753394321,-0.0183443118
0.2754359801,-0.0184447660
0.2755325282,-0.0185434716
0.2756290762,-0.0186404114
0.2757256242,-0.0187355679
0.2758221723,-0.0188289239
0.2759187204,-0.0189204620
0.2760152684,-0.0190101649
0.2761118165,-0.0190980154
0.2762083646,-0.0191839959
0.2763049127,-0.0192680894
0.2764014609,-0.0193502560
0.2764980090,-0.0194304914
0.2765945571,-0.0195087831
0.2766911052,-0.0195851135
0.2767876533,-0.0196594651
0.2768842015,-0.0197318202
0.2769807497,-0.0198021615
0.2770772978,-0.0198704712
0.2771738460,-0.0199367320
0.2772703942,-0.0200009261
0.2773669424,-0.0200630362
0.2774634906,-0.0201230445
0.2775600388,-0.0201809336
0.2776565870,-0.0202366860
0.2777531352,-0.0202902840
0.2778496835,-0.0203417101
0.2779462317,-0.0203909468
0.2780427800,-0.0204379765
0.2781393283,-0.0204827885
0.2782358765,-0.0205253998
0.2783324248,-0.0205657588
0.2784289731,-0.0206038485
0.2785255214,-0.0206396516
0.2786220697,-0.0206738098
0.2787186180,-0.0207069718
0.2788151663,-0.0207391313
0.2789117147,-0.0207702815
0.2790082630,-0.0208004160
0.2791048113,-0.0208295283
0.2792013597,-0.0208576118
0.2792979081,-0.0208846600
0.2793944564,-0.0209106664
0.2794910048,-0.0209356245
0.2795875532,-0.0209595278
0.2796841016,-0.0209823696
0.2797806500,-0.0210041435
0.2798771984,-0.0210248431
0.2799737469,-0.0210445283
0.2800702953,-0.0210632072
0.2801668438,-0.0210808141
0.2802633922,-0.0210973436
0.2803599407,-0.0211127903
0.2804564892,-0.0211271487
0.2805530377,-0.0211404134
0.2806495862,-0.0211525790
0.2807461347,-0.0211636400
0.2808426832,-0.0211735910
0.2809392317,-0.0211824266
0.2810357803,-0.0211901414
0.2811323288,-0.0211967299
0.2812288774,-0.0212021866
0.2813254259,-0.0212065062
0.2814219745,-0.0212096833
0.2815185231,-0.0212117123
0.2816150717,-0.0212125879
0.2817116203,-0.0212123046
0.2818081689,-0.0212108859
0.2819047175,-0.0212083084
0.2820012662,-0.0212045629
0.2820978148,-0.0211996445
0.2821943635,-0.0211935484
0.2822909121,-0.0211862697
0.2823874608,-0.0211778037
0.2824840095,-0.0211681457
0.2825805582,-0.0211572908
0.2826771069,-0.0211452342
0.2827736556,-0.0211319714
0.2828702043,-0.0211174976
0.2829667531,-0.0211018081
0.2830633018,-0.0210848983
0.2831598506,-0.0210667635
0.2832563994,-0.0210473990
0.2833529481,-0.0210268004
0.2834494969,-0.0210049630
0.2835460457,-0.0209818778
0.2836425945,-0.0209575250
0.2837391433,-0.0209319152
0.2838356922,-0.0209050435
0.2839322410,-0.0208769050
0.2840287899,-0.0208474948
0.2841253387,-0.0208168081
0.2842218876,-0.0207848400
0.2843184365,-0.0207515856
0.2844149854,-0.0207171922
0.2845115343,-0.0206818258
0.2846080832,-0.0206455092
0.2847046321,-0.0206082655
0.2848011811,-0.0205701178
0.2848977300,-0.0205310889
0.2849942790,-0.0204912019
0.2850908280,-0.0204504799
0.2851873769,-0.0204089458
0.2852839259,-0.0203666226
0.2853804749,-0.0203235352
0.2854770239,-0.0202797066
0.2855735730,-0.0202351588
0.2856701220,-0.0201899148
0.2857666711,-0.0201439977
0.2858632201,-0.0200974308
0.2859597692,-0.0200502370
0.2860563183,-0.0200024397
0.2861528673,-0.0199540618
0.2862494165,-0.0199051265
0.2863459656,-0.0198556571
0.2864425147,-0.0198056767
0.2865390638,-0.0197552084
0.2866356130,-0.0197042755
0.2867321621,-0.0196529011
0.2868287113,-0.0196011085
0.2869252605,-0.0195489208
0.2870218097,-0.0194963613
0.2871183589,-0.0194434532
0.2872149081,-0.0193901932
0.2873114573,-0.0193366232
0.2874080065,-0.0192827682
0.2875045558,-0.0192286510
0.2876011051,-0.0191742942
0.2876976543,-0.0191197207
0.2877942036,-0.0190649532
0.2878907529,-0.0190100143
0.2879873022,-0.0189549269
0.2880838515,-0.0188997137
0.2881804008,-0.0188443972
0.2882769502,-0.0187890003
0.2883734995,-0.0187335456
0.2884700489,-0.0186780557
0.2885665983,-0.0186225534
0.2886631477,-0.0185670614
0.2887596970,-0.0185116021
0.2888562465,-0.0184561984
0.2889527959,-0.0184008928
0.2890493453,-0.0183457533
0.2891458947,-0.0182907533
0.2892424442,-0.0182359169
0.2893389937,-0.0181812679
0.2894355431,-0.0181268305
0.2895320926,-0.0180726287
0.2896286421,-0.0180186866
0.2897251916,-0.0179650283
0.2898217412,-0.0179116781
0.2899182907,-0.0178586602
0.2900148403,-0.0178059988
0.2901113898,-0.0177537182
0.2902079394,-0.0177022343
0.2903044890,-0.0176519111
0.2904010386,-0.0176026952
0.2904975882,-0.0175545331
0.2905941378,-0.0175073714
0.2906906874,-0.0174611568
0.2907872371,-0.0174157361
0.2908837867,-0.0173710707
0.2909803364,-0.0173271625
0.2910768860,-0.0172839566
0.2911734357,-0.0172413977
0.2912699854,-0.0171994307
0.2913665351,-0.0171580005
0.2914630849,-0.0171170521
0.2915596346,-0.0170765301
0.2916561844,-0.0170363796
0.2917527341,-0.0169965454
0.2918492839,-0.0169569724
0.2919458337,-0.0169176054
0.2920423835,-0.0168783893
0.2921389333,-0.0168392690
0.2922354831,-0.0168001894
0.2923320329,-0.0167610953
0.2924285828,-0.0167219316
0.2925251326,-0.0166826432
0.2926216825,-0.0166431918
0.2927182324,-0.0166035086
0.2928147822,-0.0165635382
0.2929113321,-0.0165232256
0.2930078821,-0.0164825158
0.2931044320,-0.0164413538
0.2932009819,-0.0163996846
0.2932975319,-0.0163574532
0.2933940818,-0.0163146046
0.2934906318,-0.0162710839
0.2935871818,-0.0162268361
0.2936837318,-0.0161818061
0.2937802818,-0.0161359390
0.2938768318,-0.0160891798
0.2939733818,-0.0160414735
0.2940699319,-0.0159927651
0.2941664819,-0.0159429997
0.2942630320,-0.0158921222
0.2943595821,-0.0158400776
0.2944561322,-0.0157868110
0.2945526823,-0.0157322674
0.2946492324,-0.0156763918
0.2947457825,-0.0156191292
0.2948423327,-0.0155604245
0.2949388828,-0.0155002230
0.2950354330,-0.0154384694
0.2951319832,-0.0153751089
0.2952285333,-0.0153100865
0.2953250835,-0.0152433471
0.2954216338,-0.0151748358
0.2955181840,-0.0151044976
0.2956147342,-0.0150322775
0.2957112845,-0.0149581205
0.2958078347,-0.0148819717
0.2959043850,-0.0148037760
0.2960009353,-0.0147247234
0.2960974856,-0.0146460411
0.2961940359,-0.0145676748
0.2962905862,-0.0144896471
0.2963871365,-0.0144119842
0.2964836869,-0.0143346867
0.2965802372,-0.0142577549
0.2966767876,-0.0141811893
0.2967733379,-0.0141049904
0.2968698883,-0.0140291587
0.2969664387,-0.0139536945
0.2970629891,-0.0138785985
0.2971595396,-0.0138038710
0.2972560900,-0.0137295125
0.2973526404,-0.0136555235
0.2974491909,-0.0135819044
0.2975457414,-0.0135086557
0.2976422919,-0.0134357779
0.2977388423,-0.0133632714
0.2978353929,-0.0132911367
0.2979319434,-0.0132193743
0.2980284939,-0.0131479846
0.2981250444,-0.0130769680
0.2982215950,-0.0130063252
0.2983181456,-0.0129360564
0.2984146961,-0.0128661622
0.2985112467,-0.0127966431
0.2986077973,-0.0127274995
0.2987043479,-0.0126587318
0.2988008985,-0.0125903406
0.2988974492,-0.0125223263
0.2989939998,-0.0124546894
0.2990905505,-0.0123874302
0.2991871012,-0.0123205494
0.2992836518,-0.0122540474
0.2993802025,-0.0121879097
0.2994767532,-0.0121220171
0.2995733039,-0.0120564918
0.2996698547,-0.0119913339
0.2997664054,-0.0119265435
0.2998629561,-0.0118621207
0.2999595069,-0.0117980657
0.3000560577,-0.0117343785
0.3001526085,-0.0116710592
0.3002491592,-0.0116081080
0.3003457100,-0.0115455249
0.3004422609,-0.0114833101
0.3005388117,-0.0114214636
0.3006353625,-0.0113599857
0.3007319134,-0.0112988763
0.3008284642,-0.0112381355
0.3009250151,-0.0111777636
0.3010215660,-0.0111177606
0.3011181169,-0.0110581266
0.3012146678,-0.0109988617
0.3013112187,-0.0109399660
0.3014077696,-0.0108814396
0.3015043206,-0.0108232826
0.3016008715,-0.0107654952
0.3016974225,-0.0107080775
0.3017939734,-0.0106510294
0.3018905244,-0.0105943513
0.3019870754,-0.0105380431
0.3020836264,-0.0104821050
0.3021801774,-0.0104265370
0.3022767285,-0.0103713393
0.3023732795,-0.0103165120
0.3024698306,-0.0102620552
0.3025663816,-0.0102079690
0.3026629327,-0.0101541570
0.3027594838,-0.0101006202
0.3028560349,-0.0100474379
0.3029525860,-0.0099946098
0.3030491371,-0.0099421355
0.3031456882,-0.0098900145
0.3032422393,-0.0098382467
0.3033387905,-0.0097868315
0.3034353416,-0.0097357687
0.3035318928,-0.0096850579
0.3036284440,-0.0096346987
0.3037249951,-0.0095846908
0.3038215463,-0.0095350337
0.3039180975,-0.0094857272
0.3040146488,-0.0094367709
0.3041112000,-0.0093881644
0.3042077512,-0.0093399073
0.3043043025,-0.0092919994
0.3044008537,-0.0092444401
0.3044974050,-0.0091972293
0.3045939563,-0.0091503664
0.3046905076,-0.0091038513
0.3047870589,-0.0090576833
0.3048836102,-0.0090118624
0.3049801615,-0.0089663880
0.3050767128,-0.0089212598
0.3051732642,-0.0088764774
0.3052698155,-0.0088320405
0.3053663669,-0.0087879488
0.3054629182,-0.0087442018
0.3055594696,-0.0087007992
0.3056560210,-0.0086577406
0.3057525724,-0.0086150258
0.3058491238,-0.0085726542
0.3059456752,-0.0085305263
0.3060422267,-0.0084887291
0.3061387781,-0.0084472649
0.3062353295,-0.0084061329
0.3063318810,-0.0083653327
0.3064284325,-0.0083248636
0.3065249839,-0.0082847249
0.3066215354,-0.0082449161
0.3067180869,-0.0082054366
0.3068146384,-0.0081662856
0.3069111899,-0.0081274626
0.3070077415,-0.0080889670
0.3071042930,-0.0080507981
0.3072008445,-0.0080129553
0.3072973961,-0.0079754380
0.3073939476,-0.0079382456
0.3074904992,-0.0079013774
0.3075870508,-0.0078648328
0.3076836024,-0.0078286113
0.3077801540,-0.0077927121
0.3078767056,-0.0077571347
0.3079732572,-0.0077218785
0.3080698088,-0.0076869427
0.3081663605,-0.0076523269
0.3082629121,-0.0076180303
0.3083594637,-0.0075840524
0.3084560154,-0.0075503925
0.3085525671,-0.0075170500
0.3086491188,-0.0074840243
0.3087456704,-0.0074513147
0.3088422221,-0.0074189207
0.3089387738,-0.0073868416
0.3090353256,-0.0073550768
0.3091318773,-0.0073235562
0.3092284290,-0.0072922350
0.3093249807,-0.0072612104
0.3094215325,-0.0072304815
0.3095180842,-0.0072000470
0.3096146360,-0.0071699060
0.3097111878,-0.0071400574
0.3098077396,-0.0071105001
0.3099042913,-0.0070812330
0.3100008431,-0.0070522551
0.3100973949,-0.0070235652
0.3101939467,-0.0069951624
0.3102904986,-0.0069670455
0.3103870504,-0.0069392135
0.3104836022,-0.0069116653
0.3105801541,-0.0068843997
0.3106767059,-0.0068574159
0.3107732578,-0.0068307126
0.3108698097,-0.0068042888
0.3109663615,-0.0067781434
0.3110629134,-0.0067522754
0.3111594653,-0.0067266837
0.3112560172,-0.0067013672
0.3113525691,-0.0066763248
0.3114491210,-0.0066515555
0.3115456729,-0.0066270582
0.3116422249,-0.0066028318
0.3117387768,-0.0065788753
0.3118353288,-0.0065551875
0.3119318807,-0.0065317674
0.3120284327,-0.0065086140
0.3121249846,-0.0064857261
0.3122215366,-0.0064631027
0.3123180886,-0.0064407427
0.3124146406,-0.0064185389
0.3125111926,-0.0063965652
0.3126077446,-0.0063748402
0.3127042966,-0.0063533624
0.3128008486,-0.0063321305
0.3128974006,-0.0063111431
0.3129939526,-0.0062903988
0.3130905047,-0.0062698961
0.3131870567,-0.0062496336
0.3132836088,-0.0062296101
0.3133801608,-0.0062098240
0.3134767129,-0.0061902739
0.3135732650,-0.0061709586
0.3136698170,-0.0061518765
0.3137663691,-0.0061330263
0.3138629212,-0.0061144066
0.3139594733,-0.0060960159
0.3140560254,-0.0060778530
0.3141525775,-0.0060599163
0.3142491296,-0.0060422045
0.3143456817,-0.0060247161
0.3144422339,-0.0060074499
0.3145387860,-0.0059904043
0.3146353381,-0.0059735781
0.3147318903,-0.0059569697
0.3148284424,-0.0059405778
0.3149249946,-0.0059244010
0.3150215468,-0.0059084379
0.3151180989,-0.0058926871
0.3152146511,-0.0058771472
0.3153112033,-0.0058618168
0.3154077555,-0.0058466945
0.3155043077,-0.0058317788
0.3156008599,-0.0058170500
0.3156974121,-0.0058024700
0.3157939643,-0.0057880846
0.3158905165,-0.0057738921
0.3159870687,-0.0057598907
0.3160836209,-0.0057460785
0.3161801731,-0.0057324539
0.3162767254,-0.0057190150
0.3163732776,-0.0057057600
0.3164698299,-0.0056926870
0.3165663821,-0.0056797943
0.3166629344,-0.0056670800
0.3167594866,-0.0056545424
0.3168560389,-0.0056421794
0.3169525912,-0.0056299894
0.3170491434,-0.0056179704
0.3171456957,-0.0056061206
0.3172422480,-0.0055944381
0.3173388003,-0.0055829210
0.3174353526,-0.0055715674
0.3175319049,-0.0055603754
0.3176284572,-0.0055493433
0.3177250095,-0.0055384689
0.3178215618,-0.0055277504
0.3179181141,-0.0055171860
0.3180146664,-0.0055067736
0.3181112187,-0.0054965113
0.3182077711,-0.0054863972
0.3183043234,-0.0054764293
0.3184008757,-0.0054666057
0.3184974281,-0.0054569244
0.3185939804,-0.0054473835
0.3186905328,-0.0054379808
0.3187870851,-0.0054287146
0.3188836375,-0.0054196364
0.3189801898,-0.0054107204
0.3190767422,-0.0054019432
0.3191732946,-0.0053933034
0.3192698469,-0.0053847993
0.3193663993,-0.0053764293
0.3194629517,-0.0053681917
0.3195595041,-0.0053600849
0.3196560564,-0.0053521073
0.3197526088,-0.0053442573
0.3198491612,-0.0053365333
0.3199457136,-0.0053289335
0.3200422660,-0.0053214565
0.3201388184,-0.0053141006
0.3202353708,-0.0053068641
0.3203319232,-0.0052997454
0.3204284757,-0.0052927429
0.3205250281,-0.0052858551
0.3206215805,-0.0052790802
0.3207181329,-0.0052724166
0.3208146853,-0.0052658627
0.3209112378,-0.0052594170
0.3210077902,-0.0052530776
0.3211043426,-0.0052468432
0.3212008951,-0.0052407119
0.3212974475,-0.0052346823
0.3213939999,-0.0052287526
0.3214905524,-0.0052229213
0.3215871048,-0.0052171867
0.3216836573,-0.0052115472
0.3217802097,-0.0052060011
0.3218767622,-0.0052005469
0.3219733146,-0.0051951830
0.3220698671,-0.0051899031
0.3221664196,-0.0051846793
0.3222629720,-0.0051795377
0.3223595245,-0.0051744767
0.3224560770,-0.0051694945
0.3225526294,-0.0051645894
0.3226491819,-0.0051597597
0.3227457344,-0.0051550038
0.3228422868,-0.0051503198
0.3229388393,-0.0051457061
0.3230353918,-0.0051411609
0.3231319443,-0.0051366826
0.3232284967,-0.0051322694
0.3233250492,-0.0051279197
0.3234216017,-0.0051236316
0.3235181542,-0.0051194035
0.3236147067,-0.0051152337
0.3237112592,-0.0051111205
0.3238078117,-0.0051070621
0.3239043642,-0.0051030569
0.3240009166,-0.0050991031
0.3240974691,-0.0050951990
0.3241940216,-0.0050913429
0.3242905741,-0.0050875331
0.3243871266,-0.0050837679
0.3244836791,-0.0050800455
0.3245802316,-0.0050763643
0.3246767841,-0.0050727225
0.3247733366,-0.0050691184
0.3248698891,-0.0050655504
0.3249664416,-0.0050619270
0.3250629941,-0.0050581572
0.3251595466,-0.0050542397
0.3252560991,-0.0050501733
0.3253526516,-0.0050459402
0.3254492042,-0.0050415412
0.3255457567,-0.0050369867
0.3256423092,-0.0050322754
0.3257388617,-0.0050274061
0.3258354142,-0.0050223773
0.3259319667,-0.0050171877
0.3260285192,-0.0050118360
0.3261250717,-0.0050063208
0.3262216242,-0.0050006408
0.3263181767,-0.0049947946
0.3264147292,-0.0049887809
0.3265112817,-0.0049825983
0.3266078342,-0.0049762455
0.3267043868,-0.0049697211
0.3268009393,-0.0049630238
0.3268974918,-0.0049561523
0.3269940443,-0.0049491052
0.3270905968,-0.0049418810
0.3271871493,-0.0049344786
0.3272837018,-0.0049268966
0.3273802543,-0.0049191336
0.3274768068,-0.0049111882
0.3275733593,-0.0049030591
0.3276699118,-0.0048947450
0.3277664643,-0.0048862445
0.3278630168,-0.0048775563
0.3279595693,-0.0048686790
0.3280561219,-0.0048596113
0.3281526744,-0.0048503518
0.3282492269,-0.0048408992
0.3283457794,-0.0048312521
0.3284423319,-0.0048214092
0.3285388844,-0.0048113695
0.3286354369,-0.0048013282
0.3287319894,-0.0047911044
0.3288285419,-0.0047806973
0.3289250944,-0.0047701060
0.3290216468,-0.0047593297
0.3291181993,-0.0047483675
0.3292147518,-0.0047372186
0.3293113043,-0.0047258821
0.3294078568,-0.0047143573
0.3295044093,-0.0047026432
0.3296009618,-0.0046907391
0.3296975143,-0.0046786440
0.3297940668,-0.0046663571
0.3298906193,-0.0046538776
0.3299871717,-0.0046412046
0.3300837242,-0.0046283374
0.3301802767,-0.0046152750
0.3302768292,-0.0046020166
0.3303733817,-0.0045885613
0.3304699341,-0.0045749084
0.3305664866,-0.0045610569
0.3306630391,-0.0045470060
0.3307595916,-0.0045327549
0.3308561440,-0.0045183028
0.3309526965,-0.0045036488
0.3310492490,-0.0044887920
0.3311458014,-0.0044737316
0.3312423539,-0.0044584667
0.3313389063,-0.0044429966
0.3314354588,-0.0044273203
0.3315320113,-0.0044114371
0.3316285637,-0.0043953460
0.3317251162,-0.0043790463
0.3318216686,-0.0043625830
0.3319182211,-0.0043459759
0.3320147735,-0.0043291674
0.3321113259,-0.0043121567
0.3322078784,-0.0042949433
0.3323044308,-0.0042775268
0.3324009833,-0.0042599064
0.3324975357,-0.0042420816
0.3325940881,-0.0042240519
0.3326906405,-0.0042058167
0.3327871930,-0.0041873754
0.3328837454,-0.0041687275
0.3329802978,-0.0041498724
0.3330768502,-0.0041308095
0.3331734026,-0.0041115382
0.3332699551,-0.0040920580
0.3333665075,-0.0040723683
0.3334630599,-0.0040524686
0.3335596123,-0.0040323582
0.3336561647,-0.0040120367
0.3337527171,-0.0039915033
0.3338492695,-0.0039707577
0.3339458218,-0.0039497992
0.3340423742,-0.0039286272
0.3341389266,-0.0039072411
0.3342354790,-0.0038856405
0.3343320314,-0.0038638247
0.3344285838,-0.0038417931
0.3345251361,-0.0038195453
0.3346216885,-0.0037970805
0.3347182409,-0.0037743983
0.3348147932,-0.0037514982
0.3349113456,-0.0037283794
0.3350078979,-0.0037050415
0.3351044503,-0.0036811630
0.3352010026,-0.0036570169
0.3352975550,-0.0036326532
0.3353941073,-0.0036080735
0.3354906596,-0.0035832791
0.3355872120,-0.0035582714
0.3356837643,-0.0035330518
0.3357803166,-0.0035076216
0.3358768689,-0.0034819823
0.3359734213,-0.0034561352
0.3360699736,-0.0034300816
0.3361665259,-0.0034038230
0.3362630782,-0.0033773608
0.3363596305,-0.0033506963
0.3364561828,-0.0033238310
0.3365527351,-0.0032967661
0.3366492874,-0.0032695031
0.3367458397,-0.0032420433
0.3368423920,-0.0032143882
0.3369389442,-0.0031865391
0.3370354965,-0.0031584974
0.3371320488,-0.0031302645
0.3372286011,-0.0031018417
0.3373251533,-0.0030732305
0.3374217056,-0.0030444321
0.3375182579,-0.0030154481
0.3376148101,-0.0029862797
0.3377113624,-0.0029569284
0.3378079146,-0.0029273956
0.3379044669,-0.0028976825
0.3380010191,-0.0028677906
0.3380975714,-0.0028377214
0.3381941236,-0.0028074760
0.3382906759,-0.0027767520
0.3383872281,-0.0027451091
0.3384837803,-0.0027132346
0.3385803325,-0.0026811299
0.3386768847,-0.0026487964
0.3387734369,-0.0026162354
0.3388699891,-0.0025834483
0.3389665413,-0.0025504366
0.3390630935,-0.0025172015
0.3391596456,-0.0024837445
0.3392561978,-0.0024500669
0.3393527500,-0.0024161702
0.3394493022,-0.0023820557
0.3395458543,-0.0023477247
0.3396424065,-0.0023131788
0.3397389587,-0.0022784191
0.3398355108,-0.0022434472
0.3399320630,-0.0022082645
0.3400286151,-0.0021728722
0.3401251672,-0.0021372717
0.3402217194,-0.0021014645
0.3403182715,-0.0020654520
0.3404148236,-0.0020292354
0.3405113758,-0.0019928163
0.3406079279,-0.0019561959
0.3407044800,-0.0019193757
0.3408010321,-0.0018823570
0.3408975842,-0.0018451412
0.3409941363,-0.0018077297
0.3410906884,-0.0017701238
0.3411872405,-0.0017319162
0.3412837926,-0.0016934456
0.3413803446,-0.0016547551
0.3414768967,-0.0016158458
0.3415734488,-0.0015767194
0.3416700008,-0.0015373770
0.3417665529,-0.0014978202
0.3418631049,-0.0014580503
0.3419596570,-0.0014180686
0.3420562090,-0.0013778766
0.3421527610,-0.0013374756
0.3422493131,-0.0012968670
0.3423458651,-0.0012560522
0.3424424171,-0.0012150326
0.3425389691,-0.0011738095
0.3426355211,-0.0011323844
0.3427320731,-0.0010907585
0.3428286251,-0.0010489334
0.3429251771,-0.0010069103
0.3430217291,-0.0009646907
0.3431182811,-0.0009222759
0.3432148331,-0.0008796673
0.3433113851,-0.0008368664
0.3434079370,-0.0007938744
0.3435044890,-0.0007506927
0.3436010410,-0.0007073228
0.3436975929,-0.0006637660
0.3437941449,-0.0006200236
0.3438906968,-0.0005760972
0.3439872488,-0.0005318648
0.3440838007,-0.0004873200
0.3441803526,-0.0004425790
0.3442769045,-0.0003976432
0.3443734565,-0.0003525140
0.3444700084,-0.0003071928
0.3445665603,-0.0002616809
0.3446631122,-0.0002159798
0.3447596641,-0.0001700907
0.3448562159,-0.0001240151
0.3449527678,-0.0000777544
0.3450493197,-0.0000313100
0.3451458716,0.0000153168
0.3452424234,0.0000621247
0.3453389753,0.0001091121
0.3454355272,0.0001562778
0.3455320790,0.0002036203
0.3456286308,0.0002511383
0.3457251827,0.0002988303
0.3458217345,0.0003466951
0.3459182863,0.0003947312
0.3460148382,0.0004429373
0.3461113900,0.0004913119
0.3462079418,0.0005398538
0.3463044936,0.0005885614
0.3464010454,0.0006374335
0.3464975972,0.0006864686
0.3465941490,0.0007356654
0.3466907008,0.0007850225
0.3467872526,0.0008345640
0.3468838043,0.0008844724
0.3469803561,0.0009345523
0.3470769078,0.0009848023
0.3471734596,0.0010352210
0.3472700113,0.0010858071
0.3473665631,0.0011365591
0.3474631148,0.0011874758
0.3475596666,0.0012385556
0.3476562183,0.0012897973
0.3477527700,0.0013411994
0.3478493217,0.0013927606
0.3479458734,0.0014444794
0.3480424251,0.0014963546
0.3481389768,0.0015483847
0.3482355285,0.0016005684
0.3483320802,0.0016529042
0.3484286319,0.0017053908
0.3485251836,0.0017580268
0.3486217352,0.0018108108
0.3487182869,0.0018637415
0.3488148385,0.0019168175
0.3489113902,0.0019700373
0.3490079418,0.0020233996
0.3491044935,0.0020769031
0.3492010451,0.0021305463
0.3492975967,0.0021843279
0.3493941484,0.0022382465
0.3494907000,0.0022923006
0.3495872516,0.0023464890
0.3496838032,0.0024010293
0.3497803548,0.0024558049
0.3498769064,0.0025107309
0.3499734580,0.0025658059
0.3500700096,0.0026210285
0.3501665611,0.0026763973
0.3502631127,0.0027319110
0.3503596643,0.0027875682
0.3504562158,0.0028433674
0.3505527674,0.0028993074
0.3506493189,0.0029553867
0.3507458705,0.0030116040
0.3508424220,0.0030679578
0.3509389735,0.0031244468
0.3510355251,0.0031810696
0.3511320766,0.0032378249
0.3512286281,0.0032947112
0.3513251796,0.0033517272
0.3514217311,0.0034088715
0.3515182826,0.0034661427
0.3516148341,0.0035235394
0.3517113856,0.0035810602
0.3518079370,0.0036387039
0.3519044885,0.0036964689
0.3520010400,0.0037543540
0.3520975914,0.0038123576
0.3521941429,0.0038704785
0.3522906943,0.0039287153
0.3523872458,0.0039870666
0.3524837972,0.0040455302
0.3525803486,0.0041041035
0.3526769001,0.0041627871
0.3527734515,0.0042215794
0.3528700029,0.0042804792
0.3529665543,0.0043394850
0.3530631057,0.0043985954
0.3531596571,0.0044578091
0.3532562085,0.0045171247
0.3533527599,0.0045765408
0.3534493113,0.0046360561
0.3535458627,0.0046956691
0.3536424140,0.0047553784
0.3537389654,0.0048151828
0.3538355167,0.0048750808
0.3539320681,0.0049350550
0.3540286194,0.0049950893
0.3541251708,0.0050551837
0.3542217221,0.0051153383
0.3543182734,0.0051755533
0.3544148248,0.0052358289
0.3545113761,0.0052961651
0.3546079274,0.0053565621
0.3547044787,0.0054170200
0.3548010300,0.0054775389
0.3548975813,0.0055381191
0.3549941326,0.0055987606
0.3550906839,0.0056594635
0.3551872351,0.0057202280
0.3552837864,0.0057810542
0.3553803377,0.0058416545
0.3554768890,0.0059022738
0.3555734402,0.0059629347
0.3556699915,0.0060236373
0.3557665427,0.0060843817
0.3558630939,0.0061451682
0.3559596452,0.0062059968
0.3560561964,0.0062668676
0.3561527476,0.0063277809
0.3562492988,0.0063887367
0.3563458501,0.0064497351
0.3564424013,0.0065107763
0.3565389525,0.0065718605
0.3566355037,0.0066329877
0.3567320549,0.0066941581
0.3568286060,0.0067553718
0.3569251572,0.0068166290
0.3570217084,0.0068779298
0.3571182596,0.0069392743
0.3572148107,0.0070006626
0.3573113619,0.0070620950
0.3574079130,0.0071235714
0.3575044642,0.0071850921
0.3576010153,0.0072466572
0.3576975664,0.0073082668
0.3577941176,0.0073699211
0.3578906687,0.0074316201
0.3579872198,0.0074933640
0.3580837709,0.0075551530
0.3581803220,0.0076169640
0.3582768731,0.0076787975
0.3583734242,0.0077406735
0.3584699753,0.0078025921
0.3585665264,0.0078645535
0.3586630775,0.0079265578
0.3587596286,0.0079886051
0.3588561797,0.0080506957
0.3589527307,0.0081128296
0.3590492818,0.0081750069
0.3591458328,0.0082372277
0.3592423839,0.0082994923
0.3593389349,0.0083618008
0.3594354860,0.0084241532
0.3595320370,0.0084865497
0.3596285880,0.0085489905
0.3597251391,0.0086114756
0.3598216901,0.0086740053
0.3599182411,0.0087365796
0.3600147921,0.0087991986
0.3601113431,0.0088618626
0.3602078941,0.0089245716
0.3603044451,0.0089873258
0.3604009961,0.0090501253
0.3604975471,0.0091129702
0.3605940981,0.0091758607
0.3606906490,0.0092387969
0.3607872000,0.0093017789
0.3608837510,0.0093648069
0.3609803019,0.0094278426
0.3610768529,0.0094906637
0.3611734038,0.0095535118
0.3612699548,0.0096163867
0.3613665057,0.0096792889
0.3614630566,0.0097422182
0.3615596076,0.0098051750
0.3616561585,0.0098681592
0.3617527094,0.0099311711
0.3618492603,0.0099942108
0.3619458112,0.0100572784
0.3620423621,0.0101203741
0.3621389130,0.0101834979
0.3622354639,0.0102466500
0.3623320148,0.0103098306
0.3624285657,0.0103730397
0.3625251166,0.0104362776
0.3626216675,0.0104995443
0.3627182183,0.0105628400
0.3628147692,0.0106261648
0.3629113201,0.0106895188
0.3630078709,0.0107529022
0.3631044218,0.0108163151
0.3632009726,0.0108797576
0.3632975235,0.0109432299
0.3633940743,0.0110067321
0.3634906251,0.0110702644
0.3635871760,0.0111338268
0.3636837268,0.0111974195
0.3637802776,0.0112610426
0.3638768284,0.0113244826
0.3639733792,0.0113878604
0.3640699300,0.0114512499
0.3641664808,0.0115146511
0.3642630316,0.0115780641
0.3643595824,0.0116414891
0.3644561332,0.0117049263
0.3645526840,0.0117683757
0.3646492348,0.0118318375
0.3647457855,0.0118953118
0.3648423363,0.0119587987
0.3649388871,0.0120222985
0.3650354378,0.0120858112
0.3651319886,0.0121493369
0.3652285394,0.0122128758
0.3653250901,0.0122764280
0.3654216408,0.0123399937
0.3655181916,0.0124035730
0.3656147423,0.0124671660
0.3657112930,0.0125307728
0.3658078438,0.0125943936
0.3659043945,0.0126580285
0.3660009452,0.0127216777
0.3660974959,0.0127853413
0.3661940466,0.0128490193
0.3662905973,0.0129127120
0.3663871480,0.0129764195
0.3664836987,0.0130401419
0.3665802494,0.0131038793
0.3666768001,0.0131675143
0.3667733508,0.0132309223
0.3668699015,0.0132943225
0.3669664521,0.0133577151
0.3670630028,0.0134211003
0.3671595535,0.0134844782
0.3672561042,0.0135478488
0.3673526548,0.0136112124
0.3674492055,0.0136745691
0.3675457561,0.0137379189
0.3676423068,0.0138012621
0.3677388574,0.0138645988
0.3678354081,0.0139279291
0.3679319587,0.0139912531
0.3680285093,0.0140545709
0.3681250600,0.0141178828
0.3682216106,0.0141811888
0.3683181612,0.0142444891
0.3684147118,0.0143077838
0.3685112624,0.0143710730
0.3686078130,0.0144343568
0.3687043636,0.0144976355
0.3688009142,0.0145609091
0.3688974648,0.0146241777
0.3689940154,0.0146874415
0.3690905660,0.0147507007
0.3691871166,0.0148139553
0.3692836672,0.0148772055
0.3693802177,0.0149404515
0.3694767683,0.0150036933
0.3695733189,0.0150665765
0.3696698695,0.0151294113
0.3697664200,0.0151922176
0.3698629706,0.0152549956
0.3699595211,0.0153177454
0.3700560717,0.0153804672
0.3701526223,0.0154431609
0.3702491728,0.0155058269
0.3703457233,0.0155684653
0.3704422739,0.0156310760
0.3705388244,0.0156936594
0.3706353750,0.0157562155
0.3707319255,0.0158187445
0.3708284760,0.0158812464
0.3709250265,0.0159437215
0.3710215771,0.0160061699
0.3711181276,0.0160685916
0.3712146781,0.0161309868
0.3713112286,0.0161933557
0.3714077791,0.0162556984
0.3715043296,0.0163180150
0.3716008801,0.0163803057
0.3716974306,0.0164425706
0.3717939811,0.0165048097
0.3718905316,0.0165670233
0.3719870820,0.0166292115
0.3720836325,0.0166913745
0.3721801830,0.0167535122
0.3722767335,0.0168156250
0.3723732839,0.0168775653
0.3724698344,0.0169393387
0.3725663849,0.0170010595
0.3726629353,0.0170627268
0.3727594858,0.0171243399
0.3728560363,0.0171858980
0.3729525867,0.0172474003
0.3730491372,0.0173088461
0.3731456876,0.0173702346
0.3732422381,0.0174315649
0.3733387885,0.0174928364
0.3734353389,0.0175540482
0.3735318894,0.0176151997
0.3736284398,0.0176762899
0.3737249902,0.0177373182
0.3738215407,0.0177982837
0.3739180911,0.0178591857
0.3740146415,0.0179200235
0.3741111919,0.0179807961
0.3742077424,0.0180415030
0.3743042928,0.0181021432
0.3744008432,0.0181627160
0.3744973936,0.0182232207
0.3745939440,0.0182836565
0.3746904944,0.0183440225
0.3747870448,0.0184043181
0.3748835952,0.0184645424
0.3749801456,0.0185246947
0.3750766960,0.0185847742
0.3751732464,0.0186447823
0.3752697968,0.0187047288
0.3753663471,0.0187646017
0.3754628975,0.0188244002
0.3755594479,0.0188841237
0.3756559983,0.0189437713
0.3757525487,0.0190033424
0.3758490990,0.0190628362
0.3759456494,0.0191222521
0.3760421998,0.0191815892
0.3761387501,0.0192408469
0.3762353005,0.0193000244
0.3763318508,0.0193591211
0.3764284012,0.0194181361
0.3765249515,0.0194770688
0.3766215019,0.0195359184
0.3767180522,0.0195946843
0.3768146026,0.0196533656
0.3769111529,0.0197119617
0.3770077033,0.0197704718
0.3771042536,0.0198288952
0.3772008040,0.0198872312
0.3772973543,0.0199454790
0.3773939046,0.0200036380
0.3774904549,0.0200617074
0.3775870053,0.0201196865
0.3776835556,0.0201775746
0.3777801059,0.0202353708
0.3778766562,0.0202930746
0.3779732066,0.0203506851
0.3780697569,0.0204082258
0.3781663072,0.0204656823
0.3782628575,0.0205230468
0.3783594078,0.0205803185
0.3784559581,0.0206374969
0.3785525084,0.0206945813
0.3786490587,0.0207515712
0.3787456090,0.0208084659
0.3788421593,0.0208652647
0.3789387096,0.0209219672
0.3790352599,0.0209785726
0.3791318102,0.0210350804
0.3792283605,0.0210914898
0.3793249108,0.0211478004
0.3794214611,0.0212040115
0.3795180114,0.0212601224
0.3796145617,0.0213161325
0.3797111119,0.0213720413
0.3798076622,0.0214278481
0.3799042125,0.0214835523
0.3800007628,0.0215391532
0.3800973130,0.0215946503
0.3801938633,0.0216500429
0.3802904136,0.0217053304
0.3803869639,0.0217605122
0.3804835141,0.0218155876
0.3805800644,0.0218705561
0.3806766147,0.0219254171
0.3807731649,0.0219801698
0.3808697152,0.0220347994
0.3809662654,0.0220892914
0.3810628157,0.0221436691
0.3811593659,0.0221979319
0.3812559162,0.0222520790
0.3813524665,0.0223061095
0.3814490167,0.0223600229
0.3815455670,0.0224138182
0.3816421172,0.0224674949
0.3817386674,0.0225210520
0.3818352177,0.0225744888
0.3819317679,0.0226278047
0.3820283182,0.0226809987
0.3821248684,0.0227340703
0.3822214187,0.0227870186
0.3823179689,0.0228398428
0.3824145191,0.0228925423
0.3825110694,0.0229451163
0.3826076196,0.0229975639
0.3827041698,0.0230498845
0.3828007201,0.0231020773
0.3828972703,0.0231536009
0.3829938205,0.0232039183
0.3830903707,0.0232530356
0.3831869210,0.0233009587
0.3832834712,0.0233476935
0.3833800214,0.0233932461
0.3834765716,0.0234376222
0.3835731218,0.0234808281
0.3836696721,0.0235228694
0.3837662223,0.0235637236
0.3838627725,0.0236034315
0.3839593227,0.0236420011
0.3840558729,0.0236794391
0.3841524231,0.0237157524
0.3842489734,0.0237509480
0.3843455236,0.0237850326
0.3844420738,0.0238180131
0.3845386240,0.0238498963
0.3846351742,0.0238806890
0.3847317244,0.0239103982
0.3848282746,0.0239390306
0.3849248248,0.0239665932
0.3850213750,0.0239930927
0.3851179252,0.0240185360
0.3852144754,0.0240429300
0.3853110256,0.0240662814
0.3854075758,0.0240885972
0.3855041260,0.0241098842
0.3856006762,0.0241301492
0.3856972264,0.0241493990
0.3857937766,0.0241676406
0.3858903268,0.0241848808
0.3859868770,0.0242011263
0.3860834272,0.0242163842
0.3861799773,0.0242306611
0.3862765275,0.0242439640
0.3863730777,0.0242562997
0.3864696279,0.0242676750
0.3865661781,0.0242778994
0.3866627283,0.0242870100
0.3867592785,0.0242951577
0.3868558286,0.0243023493
0.3869523788,0.0243085916
0.3870489290,0.0243138915
0.3871454792,0.0243182559
0.3872420294,0.0243216915
0.3873385796,0.0243242053
0.3874351297,0.0243258041
0.3875316799,0.0243264947
0.3876282301,0.0243262840
0.3877247803,0.0243251788
0.3878213305,0.0243231860
0.3879178806,0.0243203123
0.3880144308,0.0243165648
0.3881109810,0.0243119501
0.3882075312,0.0243064752
0.3883040813,0.0243001468
0.3884006315,0.0242929720
0.3884971817,0.0242849574
0.3885937319,0.0242761099
0.3886902820,0.0242664364
0.3887868322,0.0242559437
0.3888833824,0.0242446387
0.3889799325,0.0242325282
0.3890764827,0.0242196191
0.3891730329,0.0242059182
0.3892695830,0.0241914323
0.3893661332,0.0241761206
0.3894626834,0.0241597998
0.3895592335,0.0241426961
0.3896557837,0.0241248162
0.3897523339,0.0241061670
0.3898488840,0.0240867553
0.3899454342,0.0240665881
0.3900419844,0.0240456721
0.3901385345,0.0240240142
0.3902350847,0.0240016212
0.3903316349,0.0239785000
0.3904281850,0.0239546574
0.3905247352,0.0239301003
0.3906212854,0.0239048356
0.3907178355,0.0238788700
0.3908143857,0.0238522104
0.3909109359,0.0238248636
0.3910074860,0.0237968366
0.3911040362,0.0237681361
0.3912005863,0.0237387690
0.3912971365,0.0237087421
0.3913936867,0.0236780623
0.3914902368,0.0236467365
0.3915867870,0.0236147714
0.3916833371,0.0235821739
0.3917798873,0.0235489510
0.3918764375,0.0235151093
0.3919729876,0.0234806558
0.3920695378,0.0234455973
0.3921660879,0.0234099406
0.3922626381,0.0233735054
0.3923591882,0.0233364181
0.3924557384,0.0232987372
0.3925522886,0.0232604695
0.3926488387,0.0232216221
0.3927453889,0.0231822015
0.3928419391,0.0231422148
0.3929384892,0.0231016688
0.3930350394,0.0230605703
0.3931315895,0.0230189261
0.3932281397,0.0229767431
0.3933246899,0.0229340282
0.3934212400,0.0228907881
0.3935177902,0.0228470298
0.3936143403,0.0228027601
0.3937108905,0.0227579858
0.3938074407,0.0227127138
0.3939039908,0.0226669509
0.3940005410,0.0226207040
0.3940970911,0.0225739798
0.3941936413,0.0225267854
0.3942901915,0.0224791274
0.3943867416,0.0224310128
0.3944832918,0.0223824484
0.3945798419,0.0223334410
0.3946763921,0.0222839976
0.3947729422,0.0222341248
0.3948694924,0.0221838296
0.3949660426,0.0221331189
0.3950625927,0.0220819321
0.3951591429,0.0220302263
0.3952556931,0.0219781136
0.3953522432,0.0219256009
0.3954487934,0.0218726950
0.3955453435,0.0218194028
0.3956418937,0.0217657311
0.3957384439,0.0217116867
0.3958349940,0.0216572766
0.3959315442,0.0216025075
0.3960280944,0.0215473862
0.3961246445,0.0214919198
0.3962211947,0.0214361149
0.3963177449,0.0213799784
0.3964142950,0.0213235172
0.3965108452,0.0212667381
0.3966073954,0.0212096480
0.3967039455,0.0211522537
0.3968004957,0.0210945621
0.3968970459,0.0210365799
0.3969935960,0.0209783141
0.3970901462,0.0209197715
0.3971866964,0.0208609590
0.3972832465,0.0208018833
0.3973797967,0.0207425514
0.3974763469,0.0206829700
0.3975728970,0.0206231461
0.3976694472,0.0205630865
0.3977659974,0.0205027979
0.3978625475,0.0204422873
0.3979590977,0.0203814601
0.3980556479,0.0203204128
0.3981521980,0.0202591534
0.3982487482,0.0201976883
0.3983452984,0.0201360241
0.3984418486,0.0200741672
0.3985383987,0.0200121242
0.3986349489,0.0199499015
0.3987314991,0.0198875057
0.3988280493,0.0198249433
0.3989245994,0.0197622207
0.3990211496,0.0196993446
0.3991176998,0.0196363213
0.3992142500,0.0195731574
0.3993108002,0.0195098595
0.3994073503,0.0194464339
0.3995039005,0.0193828873
0.3996004507,0.0193192261
0.3996970009,0.0192554568
0.3997935511,0.0191915859
0.3998901012,0.0191276200
0.3999866514,0.0190635656
0.4000832016,0.0189994291
0.4001797518,0.0189352170
0.4002763020,0.0188709359
0.4003728522,0.0188065923
0.4004694024,0.0187421927
0.4005659526,0.0186777435
0.4006625027,0.0186132513
0.4007590529,0.0185487320
0.4008556031,0.0184841906
0.4009521533,0.0184196273
0.4010487035,0.0183550487
0.4011452537,0.0182904614
0.4012418039,0.0182258720
0.4013383541,0.0181612870
0.4014349043,0.0180967129
0.4015314545,0.0180321564
0.4016280047,0.0179676239
0.4017245549,0.0179031221
0.4018211051,0.0178386575
0.4019176553,0.0177742367
0.4020142055,0.0177098662
0.4021107557,0.0176455526
0.4022073059,0.0175813024
0.4023038561,0.0175171222
0.4024004063,0.0174530186
0.4024969565,0.0173889981
0.4025935067,0.0173250673
0.4026900569,0.0172612328
0.4027866071,0.0171975010
0.4028831573,0.0171338786
0.4029797075,0.0170703721
0.4030762577,0.0170069881
0.4031728079,0.0169437332
0.4032693581,0.0168806138
0.4033659083,0.0168176366
0.4034624585,0.0167548081
0.4035590087,0.0166921385
0.4036555590,0.0166296466
0.4037521092,0.0165673249
0.4038486594,0.0165051803
0.4039452096,0.0164432191
0.4040417598,0.0163814482
0.4041383100,0.0163198741
0.4042348603,0.0162585035
0.4043314105,0.0161973428
0.4044279607,0.0161363989
0.4045245109,0.0160756783
0.4046210611,0.0160151876
0.4047176114,0.0159549334
0.4048141616,0.0158949224
0.4049107118,0.0158351612
0.4050072620,0.0157756565
0.4051038123,0.0157164147
0.4052003625,0.0156574426
0.4052969127,0.0155987468
0.4053934629,0.0155403339
0.4054900132,0.0154822106
0.4055865634,0.0154243834
0.4056831136,0.0153668589
0.4057796639,0.0153096439
0.4058762141,0.0152527448
0.4059727643,0.0151961684
0.4060693146,0.0151399213
0.4061658648,0.0150840101
0.4062624151,0.0150284413
0.4063589653,0.0149732217
0.4064555155,0.0149183104
0.4065520658,0.0148637441
0.4066486160,0.0148095407
0.4067451663,0.0147557064
0.4068417165,0.0147022479
0.4069382668,0.0146491714
0.4070348170,0.0145964834
0.4071313673,0.0145441904
0.4072279175,0.0144922987
0.4073244678,0.0144408149
0.4074210180,0.0143897452
0.4075175683,0.0143390962
0.4076141185,0.0142888742
0.4077106688,0.0142390857
0.4078072190,0.0141897371
0.4079037693,0.0141408349
0.4080003196,0.0140923854
0.4080968698,0.0140443951
0.4081934201,0.0139968704
0.4082899703,0.0139498177
0.4083865206,0.0139032435
0.4084830709,0.0138571542
0.4085796211,0.0138115562
0.4086761714,0.0137664559
0.4087727217,0.0137218597
0.4088692719,0.0136777741
0.4089658222,0.0136342056
0.4090623725,0.0135911604
0.4091589228,0.0135486451
0.4092554730,0.0135067588
0.4093520233,0.0134655694
0.4094485736,0.0134249532
0.4095451239,0.0133849175
0.4096416741,0.0133454695
0.4097382244,0.0133066163
0.4098347747,0.0132683652
0.4099313250,0.0132307235
0.4100278753,0.0131936982
0.4101244256,0.0131572967
0.4102209758,0.0131215261
0.4103175261,0.0130863936
0.4104140764,0.0130519064
0.4105106267,0.0130180719
0.4106071770,0.0129848970
0.4107037273,0.0129523891
0.4108002776,0.0129205555
0.4108968279,0.0128894031
0.4109933782,0.0128589394
0.4110899285,0.0128291715
0.4111864788,0.0128001065
0.4112830291,0.0127717518
0.4113795794,0.0127441145
0.4114761297,0.0127172019
0.4115726800,0.0126910210
0.4116692303,0.0126655793
0.4117657806,0.0126408837
0.4118623309,0.0126165034
0.4119588812,0.0125920039
0.4120554315,0.0125673859
0.4121519818,0.0125424064
0.4122485321,0.0125172943
0.4123450825,0.0124920512
0.4124416328,0.0124666790
0.4125381831,0.0124411797
0.4126347334,0.0124155549
0.4127312837,0.0123898066
0.4128278341,0.0123639365
0.4129243844,0.0123379464
0.4130209347,0.0123118383
0.4131174850,0.0122856139
0.4132140354,0.0122592751
0.4133105857,0.0122328237
0.4134071360,0.0122062615
0.4135036863,0.0121795904
0.4136002367,0.0121528121
0.4136967870,0.0121259286
0.4137933373,0.0120989415
0.4138898877,0.0120718529
0.4139864380,0.0120446644
0.4140829883,0.0120173780
0.4141795387,0.0119899954
0.4142760890,0.0119625185
0.4143726394,0.0119349491
0.4144691897,0.0119072890
0.4145657401,0.0118795401
0.4146622904,0.0118517042
0.4147588408,0.0118237831
0.4148553911,0.0117957786
0.4149519415,0.0117677706
0.4150484918,0.0117397393
0.4151450422,0.0117116387
0.4152415925,0.0116834705
0.4153381429,0.0116552367
0.4154346932,0.0116269389
0.4155312436,0.0115985791
0.4156277939,0.0115701591
0.4157243443,0.0115416807
0.4158208947,0.0115131457
0.4159174450,0.0114845560
0.4160139954,0.0114559134
0.4161105458,0.0114272197
0.4162070961,0.0113984768
0.4163036465,0.0113696864
0.4164001969,0.0113408505
0.4164967473,0.0113119707
0.4165932976,0.0112830491
0.4166898480,0.0112540873
0.4167863984,0.0112250873
0.4168829488,0.0111960508
0.4169794991,0.0111669797
0.4170760495,0.0111378757
0.4171725999,0.0111087409
0.4172691503,0.0110795768
0.4173657007,0.0110503855
0.4174622511,0.0110211687
0.4175588015,0.0109919283
0.4176553518,0.0109626660
0.4177519022,0.0109333777
0.4178484526,0.0109040482
0.4179450030,0.0108747004
0.4180415534,0.0108453362
0.4181381038,0.0108159574
0.4182346542,0.0107865659
0.4183312046,0.0107571635
0.4184277550,0.0107277520
0.4185243054,0.0106983332
0.4186208558,0.0106689091
0.4187174062,0.0106394813
0.4188139566,0.0106100517
0.4189105071,0.0105806222
0.4190070575,0.0105511946
0.4191036079,0.0105217707
0.4192001583,0.0104923523
0.4192967087,0.0104629414
0.4193932591,0.0104335396
0.4194898095,0.0104041488
0.4195863600,0.0103747709
0.4196829104,0.0103454077
0.4197794608,0.0103160610
0.4198760112,0.0102867327
0.4199725616,0.0102574245
0.4200691121,0.0102281383
0.4201656625,0.0101988759
0.4202622129,0.0101696392
0.4203587634,0.0101404300
0.4204553138,0.0101112501
0.4205518642,0.0100821013
0.4206484147,0.0100530893
0.4207449651,0.0100241428
0.4208415155,0.0099952412
0.4209380660,0.0099663865
0.4210346164,0.0099375805
0.4211311669,0.0099088250
0.4212277173,0.0098801218
0.4213242677,0.0098514728
0.4214208182,0.0098228797
0.4215173686,0.0097943445
0.4216139191,0.0097658690
0.4217104695,0.0097374549
0.4218070200,0.0097091041
0.4219035705,0.0096808184
0.4220001209,0.0096525997
0.4220966714,0.0096244498
0.4221932218,0.0095963705
0.4222897723,0.0095683637
0.4223863227,0.0095404312
0.4224828732,0.0095125747
0.4225794237,0.0094847962
0.4226759741,0.0094570974
0.4227725246,0.0094294802
0.4228690751,0.0094019465
0.4229656255,0.0093744980
0.4230621760,0.0093471365
0.4231587265,0.0093198640
0.4232552770,0.0092926822
0.4233518274,0.0092655930
0.4234483779,0.0092386911
0.4235449284,0.0092120228
0.4236414789,0.0091854673
0.4237380294,0.0091590264
0.4238345798,0.0091327020
0.4239311303,0.0091064959
0.4240276808,0.0090804098
0.4241242313,0.0090544457
0.4242207818,0.0090286054
0.4243173323,0.0090028906
0.4244138828,0.0089773033
0.4245104333,0.0089518452
0.4246069838,0.0089265182
0.4247035343,0.0089013241
0.4248000848,0.0088762647
0.4248966353,0.0088513419
0.4249931858,0.0088265575
0.4250897363,0.0088019133
0.4251862868,0.0087774112
0.4252828373,0.0087530529
0.4253793878,0.0087288403
0.4254759383,0.0087047753
0.4255724888,0.0086808596
0.4256690393,0.0086570952
0.4257655898,0.0086334837
0.4258621404,0.0086100271
0.4259586909,0.0085867271
0.4260552414,0.0085635857
0.4261517919,0.0085406046
0.4262483424,0.0085177860
0.4263448929,0.0084951430
0.4264414435,0.0084726670
0.4265379940,0.0084503599
0.4266345445,0.0084282236
0.4267310951,0.0084062599
0.4268276456,0.0083844707
0.4269241961,0.0083628578
0.4270207466,0.0083414232
0.4271172972,0.0083201687
0.4272138477,0.0082990961
0.4273103983,0.0082782073
0.4274069488,0.0082575043
0.4275034993,0.0082369888
0.4276000499,0.0082166627
0.4276966004,0.0081965280
0.4277931510,0.0081765864
0.4278897015,0.0081568398
0.4279862521,0.0081372902
0.4280828026,0.0081179393
0.4281793532,0.0080987891
0.4282759037,0.0080798413
0.4283724543,0.0080610980
0.4284690048,0.0080425609
0.4285655554,0.0080242319
0.4286621059,0.0080061128
0.4287586565,0.0079882057
0.4288552070,0.0079705122
0.4289517576,0.0079530343
0.4290483082,0.0079357739
0.4291448587,0.0079187320
0.4292414093,0.0079019107
0.4293379599,0.0078853124
0.4294345104,0.0078689388
0.4295310610,0.0078527920
0.4296276116,0.0078368736
0.4297241622,0.0078211856
0.4298207127,0.0078057298
0.4299172633,0.0077905082
0.4300138139,0.0077755225
0.4301103645,0.0077607747
0.4302069150,0.0077462665
0.4303034656,0.0077319999
0.4304000162,0.0077179768
0.4304965668,0.0077041989
0.4305931174,0.0076906682
0.4306896680,0.0076773865
0.4307862186,0.0076643557
0.4308827692,0.0076515777
0.4309793197,0.0076390542
0.4310758703,0.0076267872
0.4311724209,0.0076147786
0.4312689715,0.0076030302
0.4313655221,0.0075915438
0.4314620727,0.0075803213
0.4315586233,0.0075693647
0.4316551739,0.0075586757
0.4317517245,0.0075482562
0.4318482751,0.0075381081
0.4319448257,0.0075282969
0.4320413764,0.0075189855
0.4321379270,0.0075099795
0.4322344776,0.0075012818
0.4323310282,0.0074928951
0.4324275788,0.0074848223
0.4325241294,0.0074770661
0.4326206800,0.0074696293
0.4327172306,0.0074625148
0.4328137813,0.0074557253
0.4329103319,0.0074492636
0.4330068825,0.0074431325
0.4331034331,0.0074373348
0.4331999838,0.0074318734
0.4332965344,0.0074267509
0.4333930850,0.0074219702
0.4334896356,0.0074175340
0.4335861863,0.0074134453
0.4336827369,0.0074097067
0.4337792875,0.0074063210
0.4338758382,0.0074032912
0.4339723888,0.0074006198
0.4340689394,0.0073983098
0.4341654901,0.0073963640
0.4342620407,0.0073947851
0.4343585914,0.0073935759
0.4344551420,0.0073927392
0.4345516927,0.0073922778
0.4346482433,0.0073921945
0.4347447939,0.0073924922
0.4348413446,0.0073930374
0.4349378952,0.0073939279
0.4350344459,0.0073951909
0.4351309966,0.0073968285
0.4352275472,0.0073988430
0.4353240979,0.0074012368
0.4354206485,0.0074040119
0.4355171992,0.0074071708
0.4356137498,0.0074107156
0.4357103005,0.0074146485
0.4358068512,0.0074189720
0.4359034018,0.0074236881
0.4359999525,0.0074287992
0.4360965032,0.0074343075
0.4361930538,0.0074402152
0.4362896045,0.0074465247
0.4363861552,0.0074532382
0.4364827058,0.0074603578
0.4365792565,0.0074678860
0.4366758072,0.0074758249
0.4367723579,0.0074841768
0.4368689085,0.0074929439
0.4369654592,0.0075021285
0.4370620099,0.0075117329
0.4371585606,0.0075217592
0.4372551113,0.0075322099
0.4373516619,0.0075430870
0.4374482126,0.0075543929
0.4375447633,0.0075661298
0.4376413140,0.0075782425
0.4377378647,0.0075907088
0.4378344154,0.0076035993
0.4379309661,0.0076169158
0.4380275168,0.0076306601
0.4381240675,0.0076448340
0.4382206182,0.0076594394
0.4383171688,0.0076744780
0.4384137195,0.0076899517
0.4385102702,0.0077058623
0.4386068209,0.0077222116
0.4387033716,0.0077390014
0.4387999224,0.0077562335
0.4388964731,0.0077739097
0.4389930238,0.0077920318
0.4390895745,0.0078106018
0.4391861252,0.0078296213
0.4392826759,0.0078490922
0.4393792266,0.0078690162
0.4394757773,0.0078893953
0.4395723280,0.0079102312
0.4396688787,0.0079315258
0.4397654295,0.0079532808
0.4398619802,0.0079754980
0.4399585309,0.0079981794
0.4400550816,0.0080213266
0.4401516323,0.0080449415
0.4402481831,0.0080690260
0.4403447338,0.0080935817
0.4404412845,0.0081186205
0.4405378352,0.0081443412
0.4406343860,0.0081705530
0.4407309367,0.0081972578
0.4408274874,0.0082245210
0.4409240382,0.0082524042
0.4410205889,0.0082809034
0.4411171396,0.0083100148
0.4412136904,0.0083397342
0.4413102411,0.0083700578
0.4414067918,0.0084009816
0.4415033426,0.0084325015
0.4415998933,0.0084646137
0.4416964440,0.0084973142
0.4417929948,0.0085305989
0.4418895455,0.0085644640
0.4419860963,0.0085989054
0.4420826470,0.0086339192
0.4421791978,0.0086695014
0.4422757485,0.0087056480
0.4423722993,0.0087423552
0.4424688500,0.0087796188
0.4425654008,0.0088174350
0.4426619515,0.0088557998
0.4427585023,0.0088947091
0.4428550530,0.0089341591
0.4429516038,0.0089741458
0.4430481546,0.0090146651
0.4431447053,0.0090557132
0.4432412561,0.0090972860
0.4433378068,0.0091396180
0.4434343576,0.0091826147
0.4435309084,0.0092261485
0.4436274591,0.0092702155
0.4437240099,0.0093148119
0.4438205607,0.0093599335
0.4439171114,0.0094055765
0.4440136622,0.0094517369
0.4441102130,0.0094984106
0.4442067637,0.0095455938
0.4443033145,0.0095932825
0.4443998653,0.0096414726
0.4444964161,0.0096901603
0.4445929668,0.0097393415
0.4446895176,0.0097890123
0.4447860684,0.0098391687
0.4448826192,0.0098898068
0.4449791700,0.0099409225
0.4450757207,0.0099925120
0.4451722715,0.0100445711
0.4452688223,0.0100970961
0.4453653731,0.0101500829
0.4454619239,0.0102035274
0.4455584747,0.0102574259
0.4456550255,0.0103117742
0.4457515763,0.0103665685
0.4458481270,0.0104218047
0.4459446778,0.0104774789
0.4460412286,0.0105335872
0.4461377794,0.0105900710
0.4462343302,0.0106468130
0.4463308810,0.0107039628
0.4464274318,0.0107615163
0.4465239826,0.0108194696
0.4466205334,0.0108778187
0.4467170842,0.0109365597
0.4468136350,0.0109956885
0.4469101858,0.0110552013
0.4470067366,0.0111150940
0.4471032874,0.0111753626
0.4471998382,0.0112360033
0.4472963891,0.0112970120
0.4473929399,0.0113583847
0.4474894907,0.0114201176
0.4475860415,0.0114822066
0.4476825923,0.0115446477
0.4477791431,0.0116074370
0.4478756939,0.0116705705
0.4479722447,0.0117340443
0.4480687956,0.0117978544
0.4481653464,0.0118619968
0.4482618972,0.0119264675
0.4483584480,0.0119912626
0.4484549988,0.0120563780
0.4485515496,0.0121218100
0.4486481005,0.0121875543
0.4487446513,0.0122536072
0.4488412021,0.0123199646
0.4489377529,0.0123866226
0.4490343038,0.0124532487
0.4491308546,0.0125200901
0.4492274054,0.0125871949
0.4493239563,0.0126545592
0.4494205071,0.0127221789
0.4495170579,0.0127900500
0.4496136088,0.0128581687
0.4497101596,0.0129265309
0.4498067104,0.0129951327
0.4499032613,0.0130639700
0.4499998121,0.0131330390
0.4500963629,0.0132023357
0.4501929138,0.0132718561
0.4502894646,0.0133415961
0.4503860154,0.0134115520
0.4504825663,0.0134817196
0.4505791171,0.0135520950
0.4506756680,0.0136226743
0.4507722188,0.0136934534
0.4508687697,0.0137644285
0.4509653205,0.0138355955
0.4510618714,0.0139069504
0.4511584222,0.0139784894
0.4512549731,0.0140502084
0.4513515239,0.0141221034
0.4514480748,0.0141941706
0.4515446256,0.0142664059
0.4516411765,0.0143388053
0.4517377273,0.0144113649
0.4518342782,0.0144839374
0.4519308290,0.0145564811
0.4520273799,0.0146291523
0.4521239308,0.0147019471
0.4522204816,0.0147748616
0.4523170325,0.0148478917
0.4524135833,0.0149210335
0.4525101342,0.0149942830
0.4526066851,0.0150676363
0.4527032359,0.0151410893
0.4527997868,0.0152146382
0.4528963376,0.0152882789
0.4529928885,0.0153620075
0.4530894394,0.0154358199
0.4531859902,0.0155097123
0.4532825411,0.0155836807
0.4533790920,0.0156577211
0.4534756429,0.0157318295
0.4535721937,0.0158060020
0.4536687446,0.0158802345
0.4537652955,0.0159545232
0.4538618463,0.0160288640
0.4539583972,0.0161032530
0.4540549481,0.0161776862
0.4541514990,0.0162521597
0.4542480499,0.0163266694
0.4543446007,0.0164012070
0.4544411516,0.0164751319
0.4545377025,0.0165490341
0.4546342534,0.0166229097
0.4547308042,0.0166967547
0.4548273551,0.0167705652
0.4549239060,0.0168443373
0.4550204569,0.0169180668
0.4551170078,0.0169917499
0.4552135587,0.0170653825
0.4553101096,0.0171389608
0.4554066604,0.0172124807
0.4555032113,0.0172859384
0.4555997622,0.0173593297
0.4556963131,0.0174326507
0.4557928640,0.0175058976
0.4558894149,0.0175790662
0.4559859658,0.0176521527
0.4560825167,0.0177251530
0.4561790676,0.0177980632
0.4562756185,0.0178708794
0.4563721694,0.0179435975
0.4564687202,0.0180162135
0.4565652711,0.0180887237
0.4566618220,0.0181608947
0.4567583729,0.0182320259
0.4568549239,0.0183030577
0.4569514748,0.0183739862
0.4570480257,0.0184448075
0.4571445766,0.0185155175
0.4572411275,0.0185861124
0.4573376784,0.0186565881
0.4574342293,0.0187269407
0.4575307802,0.0187971662
0.4576273311,0.0188672606
0.4577238820,0.0189372200
0.4578204329,0.0190070404
0.4579169838,0.0190767178
0.4580135347,0.0191462483
0.4581100856,0.0192156278
0.4582066365,0.0192848525
0.4583031874,0.0193539183
0.4583997383,0.0194228214
0.4584962892,0.0194915576
0.4585928401,0.0195601231
0.4586893910,0.0196285138
0.4587859419,0.0196967259
0.4588824928,0.0197647553
0.4589790438,0.0198315389
0.4590755947,0.0198964451
0.4591721456,0.0199611567
0.4592686965,0.0200256698
0.4593652475,0.0200899804
0.4594617984,0.0201540845
0.4595583493,0.0202179781
0.4596549002,0.0202816574
0.4597514511,0.0203451182
0.4598480021,0.0204083567
0.4599445530,0.0204713689
0.4600411039,0.0205341508
0.4601376548,0.0205966984
0.4602342058,0.0206590078
0.4603307567,0.0207210750
0.4604273076,0.0207828960
0.4605238585,0.0208444669
0.4606204094,0.0209057836
0.4607169604,0.0209668423
0.4608135113,0.0210276390
0.4609100622,0.0210881696
0.4610066131,0.0211484303
0.4611031641,0.0212084170
0.4611997150,0.0212681258
0.4612962659,0.0213257413
0.4613928168,0.0213817323
0.4614893678,0.0214374334
0.4615859187,0.0214928407
0.4616824697,0.0215479503
0.4617790206,0.0216027581
0.4618755715,0.0216572602
0.4619721225,0.0217114527
0.4620686734,0.0217653315
0.4621652243,0.0218188926
0.4622617753,0.0218721322
0.4623583262,0.0219250463
0.4624548771,0.0219776308
0.4625514281,0.0220298818
0.4626479790,0.0220817954
0.4627445299,0.0221333676
0.4628410809,0.0221845943
0.4629376318,0.0222354717
0.4630341827,0.0222859958
0.4631307337,0.0223361625
0.4632272846,0.0223859680
0.4633238356,0.0224349050
0.4634203865,0.0224805144
0.4635169374,0.0225257507
0.4636134884,0.0225706097
0.4637100393,0.0226150877
0.4638065903,0.0226591805
0.4639031412,0.0227028843
0.4639996922,0.0227461951
0.4640962431,0.0227891089
0.4641927941,0.0228316217
0.4642893450,0.0228737296
0.4643858960,0.0229154286
0.4644824469,0.0229567147
0.4645789978,0.0229975839
0.4646755488,0.0230380324
0.4647720997,0.0230780561
0.4648686507,0.0231176510
0.4649652016,0.0231568132
0.4650617526,0.0231955388
0.4651583035,0.0232329537
0.4652548545,0.0232676546
0.4653514054,0.0233019069
0.4654479564,0.0233357067
0.4655445073,0.0233690500
0.4656410583,0.0234019327
0.4657376092,0.0234343510
0.4658341602,0.0234663008
0.4659307111,0.0234977783
0.4660272621,0.0235287793
0.4661238131,0.0235593000
0.4662203640,0.0235893364
0.4663169150,0.0236188845
0.4664134659,0.0236479403
0.4665100169,0.0236765000
0.4666065678,0.0237045594
0.4667031188,0.0237321147
0.4667996697,0.0237577485
0.4668962207,0.0237815324
0.4669927716,0.0238048002
0.4670893226,0.0238275479
0.4671858736,0.0238497717
0.4672824245,0.0238714675
0.4673789755,0.0238926313
0.4674755264,0.0239132592
0.4675720774,0.0239333473
0.4676686284,0.0239528914
0.4677651793,0.0239718878
0.4678617303,0.0239903324
0.4679582812,0.0240082212
0.4680548322,0.0240255503
0.4681513832,0.0240423157
0.4682479341,0.0240576109
0.4683444851,0.0240711216
0.4684410360,0.0240840567
0.4685375870,0.0240964122
0.4686341380,0.0241081842
0.4687306889,0.0241193687
0.4688272399,0.0241299617
0.4689237909,0.0241399593
0.4690203418,0.0241493574
0.4691168928,0.0241581521
0.4692134437,0.0241663395
0.4693099947,0.0241739156
0.4694065457,0.0241808763
0.4695030966,0.0241872178
0.4695996476,0.0241929361
0.4696961986,0.0241970962
0.4697927495,0.0241985965
0.4698893005,0.0241990322
0.4699858515,0.0241984097
0.4700824024,0.0241967353
0.4701789534,0.0241940154
0.4702755044,0.0241902564
0.4703720553,0.0241854647
0.4704686063,0.0241796466
0.4705651573,0.0241728085
0.4706617082,0.0241649569
0.4707582592,0.0241560980
0.4708548102,0.0241462383
0.4709513611,0.0241353842
0.4710479121,0.0241235419
0.4711444631,0.0241102898
0.4712410140,0.0240946564
0.4713375650,0.0240778331
0.4714341160,0.0240598261
0.4715306670,0.0240406419
0.4716272179,0.0240202867
0.4717237689,0.0239987671
0.4718203199,0.0239760893
0.4719168708,0.0239522598
0.4720134218,0.0239272849
0.4721099728,0.0239011709
0.4722065238,0.0238739244
0.4723030747,0.0238455516
0.4723996257,0.0238160590
0.4724961767,0.0237854529
0.4725927277,0.0237538924
0.4726892786,0.0237220721
0.4727858296,0.0236892786
0.4728823806,0.0236555181
0.4729789315,0.0236207971
0.4730754825,0.0235851219
0.4731720335,0.0235484990
0.4732685845,0.0235109346
0.4733651354,0.0234724352
0.4734616864,0.0234330071
0.4735582374,0.0233926568
0.4736547883,0.0233513906
0.4737513393,0.0233092148
0.4738478903,0.0232661359
0.4739444413,0.0232221603
0.4740409922,0.0231772666
0.4741375432,0.0231311392
0.4742340942,0.0230840877
0.4743306451,0.0230361185
0.4744271961,0.0229872380
0.4745237471,0.0229374526
0.4746202981,0.0228867685
0.4747168490,0.0228351923
0.4748134000,0.0227827302
0.4749099510,0.0227293887
0.4750065020,0.0226751741
0.4751030529,0.0226200929
0.4751996039,0.0225641513
0.4752961549,0.0225073558
0.4753927058,0.0224497127
0.4754892568,0.0223912285
0.4755858078,0.0223319661
0.4756823588,0.0222718829
0.4757789097,0.0222109848
0.4758754607,0.0221492781
0.4759720117,0.0220867692
0.4760685627,0.0220234645
0.4761651136,0.0219593705
0.4762616646,0.0218944933
0.4763582156,0.0218288395
0.4764547665,0.0217624154
0.4765513175,0.0216952275
0.4766478685,0.0216272819
0.4767444195,0.0215585853
0.4768409704,0.0214891438
0.4769375214,0.0214189640
0.4770340724,0.0213481258
0.4771306234,0.0212765796
0.4772271743,0.0212043243
0.4773237253,0.0211313663
0.4774202763,0.0210577120
0.4775168272,0.0209833678
0.4776133782,0.0209083400
0.4777099292,0.0208326351
0.4778064802,0.0207562593
0.4779030311,0.0206792192
0.4779995821,0.0206015210
0.4780961331,0.0205231711
0.4781926840,0.0204441760
0.4782892350,0.0203645419
0.4783857860,0.0202842754
0.4784823370,0.0202033826
0.4785788879,0.0201218701
0.4786754389,0.0200397442
0.4787719899,0.0199570113
0.4788685408,0.0198736778
0.4789650918,0.0197897500
0.4790616428,0.0197052343
0.4791581937,0.0196201371
0.4792547447,0.0195344648
0.4793512957,0.0194482237
0.4794478467,0.0193614203
0.4795443976,0.0192740608
0.4796409486,0.0191861518
0.4797374996,0.0190976995
0.4798340505,0.0190087104
0.4799306015,0.0189194797
0.4800271525,0.0188298538
0.4801237034,0.0187397358
0.4802202544,0.0186491321
0.4803168054,0.0185580490
0.4804133563,0.0184664930
0.4805099073,0.0183744703
0.4806064583,0.0182819874
0.4807030092,0.0181890506
0.4807995602,0.0180956664
0.4808961112,0.0180018411
0.4809926621,0.0179075811
0.4810892131,0.0178128927
0.4811857640,0.0177177824
0.4812823150,0.0176222565
0.4813788660,0.0175263214
0.4814754169,0.0174299835
0.4815719679,0.0173332491
0.4816685189,0.0172361247
0.4817650698,0.0171386165
0.4818616208,0.0170407311
0.4819581717,0.0169424747
0.4820547227,0.0168438537
0.4821512737,0.0167448746
0.4822478246,0.0166455437
0.4823443756,0.0165458673
0.4824409265,0.0164458519
0.4825374775,0.0163455039
0.4826340285,0.0162448295
0.4827305794,0.0161438352
0.4828271304,0.0160425274
0.4829236813,0.0159409125
0.4830202323,0.0158389967
0.4831167833,0.0157367866
0.4832133342,0.0156342884
0.4833098852,0.0155315086
0.4834064361,0.0154284536
0.4835029871,0.0153251296
0.4835995381,0.0152215431
0.4836960890,0.0151177005
0.4837926400,0.0150136082
0.4838891909,0.0149092724
0.4839857419,0.0148046997
0.4840822928,0.0146998963
0.4841788438,0.0145948687
0.4842753947,0.0144896233
0.4843719457,0.0143841663
0.4844684967,0.0142785043
0.4845650476,0.0141726435
0.4846615986,0.0140665903
0.4847581495,0.0139603512
0.4848547005,0.0138539325
0.4849512514,0.0137473405
0.4850478024,0.0136405817
0.4851443533,0.0135336625
0.4852409043,0.0134265892
0.4853374552,0.0133193681
0.4854340062,0.0132120058
0.4855305571,0.0131045084
0.4856271081,0.0129968825
0.4857236591,0.0128895177
0.4858202100,0.0127826800
0.4859167609,0.0126757659
0.4860133119,0.0125687819
0.4861098628,0.0124617342
0.4862064138,0.0123546292
0.4863029647,0.0122474733
0.4863995157,0.0121402730
0.4864960666,0.0120330345
0.4865926175,0.0119257643
0.4866891685,0.0118184687
0.4867857194,0.0117111541
0.4868822704,0.0116038268
0.4869788213,0.0114964934
0.4870753722,0.0113891601
0.4871719232,0.0112818333
0.4872684741,0.0111745194
0.4873650251,0.0110672248
0.4874615760,0.0109599558
0.4875581269,0.0108527188
0.4876546779,0.0107455203
0.4877512288,0.0106383665
0.4878477797,0.0105312640
0.4879443307,0.0104242189
0.4880408816,0.0103172378
0.4881374325,0.0102103270
0.4882339835,0.0101034928
0.4883305344,0.0099967417
0.4884270853,0.0098900800
0.4885236363,0.0097835142
0.4886201872,0.0096770505
0.4887167381,0.0095706954
0.4888132891,0.0094644552
0.4889098400,0.0093583364
0.4890063909,0.0092523452
0.4891029419,0.0091464882
0.4891994928,0.0090407715
0.4892960437,0.0089352018
0.4893925946,0.0088297852
0.4894891456,0.0087245282
0.4895856965,0.0086194372
0.4896822474,0.0085145185
0.4897787983,0.0084097786
0.4898753493,0.0083052237
0.4899719002,0.0082008603
0.4900684511,0.0080966948
0.4901650020,0.0079927335
0.4902615530,0.0078889829
0.4903581039,0.0077854492
0.4904546548,0.0076821389
0.4905512057,0.0075790583
0.4906477567,0.0074762139
0.4907443076,0.0073739842
0.4908408585,0.0072724294
0.4909374094,0.0071711595
0.4910339603,0.0070701809
0.4911305112,0.0069695000
0.4912270622,0.0068691231
0.4913236131,0.0067690565
0.4914201640,0.0066693068
0.4915167149,0.0065698803
0.4916132658,0.0064707833
0.4917098167,0.0063720222
0.4918063676,0.0062736034
0.4919029185,0.0061755333
0.4919994694,0.0060778182
0.4920960203,0.0059804646
0.4921925712,0.0058834788
0.4922891221,0.0057868672
0.4923856730,0.0056906362
0.4924822240,0.0055947921
0.4925787749,0.0054993413
0.4926753258,0.0054042902
0.4927718767,0.0053096452
0.4928684276,0.0052154127
0.4929649785,0.0051215990
0.4930615294,0.0050282105
0.4931580803,0.0049352536
0.4932546312,0.0048427347
0.4933511821,0.0047506601
0.4934477330,0.0046590363
0.4935442838,0.0045678695
0.4936408347,0.0044771663
0.4937373856,0.0043869329
0.4938339365,0.0042971757
0.4939304874,0.0042079012
0.4940270383,0.0041191156
0.4941235892,0.0040308254
0.4942201401,0.0039430370
0.4943166910,0.0038557567
0.4944132419,0.0037689909
0.4945097928,0.0036827459
0.4946063437,0.0035970283
0.4947028945,0.0035118442
0.4947994454,0.0034272002
0.4948959963,0.0033431026
0.4949925472,0.0032595578
0.4950890981,0.0031765721
0.4951856490,0.0030941519
0.4952821999,0.0030123037
0.4953787507,0.0029310337
0.4954753016,0.0028503484
0.4955718525,0.0027702541
0.4956684034,0.0026907573
0.4957649543,0.0026124062
0.4958615051,0.0025350905
0.4959580560,0.0024584272
0.4960546069,0.0023824226
0.4961511578,0.0023070831
0.4962477086,0.0022324150
0.4963442595,0.0021584248
0.4964408104,0.0020851189
0.4965373612,0.0020125035
0.4966339121,0.0019405851
0.4967304629,0.0018693701
0.4968270138,0.0017988648
0.4969235647,0.0017290757
0.4970201155,0.0016600090
0.4971166664,0.0015916712
0.4972132173,0.0015240686
0.4973097681,0.0014572077
0.4974063190,0.0013910948
0.4975028698,0.0013257363
0.4975994207,0.0012611385
0.4976959715,0.0011973079
0.4977925224,0.0011342508
0.4978890732,0.0010719736
0.4979856241,0.0010104826
0.4980821749,0.0009497843
0.4981787258,0.0008898851
0.4982752766,0.0008307912
0.4983718275,0.0007725092
0.4984683783,0.0007150453
0.4985649292,0.0006584059
0.4986614800,0.0006025975
0.4987580309,0.0005473648
0.4988545817,0.0004924474
0.4989511326,0.0004378435
0.4990476834,0.0003835516
0.4991442342,0.0003295699
0.4992407851,0.0002758967
0.4993373359,0.0002225304
0.4994338868,0.0001694693
0.4995304376,0.0001167117
0.4996269884,0.0000642558
0.4997235393,0.0000121002
0.4998200901,-0.0000397570
0.4999166409,-0.0000913174
0.5000131918,-0.0001425827
0.5001097426,-0.0001935546
0.5002062934,-0.0002442347
0.5003028443,-0.0002946248
0.5003993951,-0.0003447265
0.5004959459,-0.0003945414
0.5005924967,-0.0004440713
0.5006890476,-0.0004933179
0.5007855984,-0.0005417898
0.5008821492,-0.0005897209
0.5009787000,-0.0006373459
0.5010752508,-0.0006846665
0.5011718016,-0.0007316843
0.5012683525,-0.0007784010
0.5013649033,-0.0008248184
0.5014614541,-0.0008709380
0.5015580049,-0.0009167617
0.5016545557,-0.0009622909
0.5017511065,-0.0010075275
0.5018476573,-0.0010524731
0.5019442081,-0.0010971294
0.5020407589,-0.0011414981
0.5021373097,-0.0011855808
0.5022338605,-0.0012293793
0.5023304113,-0.0012728951
0.5024269621,-0.0013161300
0.5025235129,-0.0013590857
0.5026200637,-0.0014017639
0.5027166145,-0.0014441661
0.5028131653,-0.0014862942
0.5029097161,-0.0015281497
0.5030062669,-0.0015697344
0.5031028177,-0.0016110500
0.5031993685,-0.0016520980
0.5032959193,-0.0016928803
0.5033924701,-0.0017333984
0.5034890208,-0.0017736541
0.5035855716,-0.0018136490
0.5036821224,-0.0018533848
0.5037786732,-0.0018928633
0.5038752240,-0.0019320860
0.5039717748,-0.0019710546
0.5040683255,-0.0020097709
0.5041648763,-0.0020482365
0.5042614271,-0.0020864531
0.5043579779,-0.0021244223
0.5044545286,-0.0021621459
0.5045510794,-0.0021996256
0.5046476302,-0.0022368629
0.5047441810,-0.0022738596
0.5048407317,-0.0023106174
0.5049372825,-0.0023471379
0.5050338333,-0.0023834229
0.5051303840,-0.0024194740
0.5052269348,-0.0024552928
0.5053234856,-0.0024908811
0.5054200363,-0.0025262405
0.5055165871,-0.0025613728
0.5056131378,-0.0025962795
0.5057096886,-0.0026309625
0.5058062394,-0.0026651840
0.5059027901,-0.0026990987
0.5059993409,-0.0027327766
0.5060958916,-0.0027662188
0.5061924424,-0.0027994269
0.5062889931,-0.0028324021
0.5063855439,-0.0028651458
0.5064820946,-0.0028976593
0.5065786454,-0.0029299439
0.5066751961,-0.0029620011
0.5067717468,-0.0029938320
0.5068682976,-0.0030254382
0.5069648483,-0.0030568209
0.5070613991,-0.0030879814
0.5071579498,-0.0031189211
0.5072545005,-0.0031496414
0.5073510513,-0.0031801436
0.5074476020,-0.0032104290
0.5075441527,-0.0032404990
0.5076407034,-0.0032703549
0.5077372542,-0.0032999980
0.5078338049,-0.0033294297
0.5079303556,-0.0033586514
0.5080269063,-0.0033876644
0.5081234571,-0.0034164700
0.5082200078,-0.0034450695
0.5083165585,-0.0034734644
0.5084131092,-0.0035016559
0.5085096599,-0.0035296453
0.5086062106,-0.0035574342
0.5087027614,-0.0035850237
0.5087993121,-0.0036124152
0.5088958628,-0.0036396100
0.5089924135,-0.0036666096
0.5090889642,-0.0036934152
0.5091855149,-0.0037200282
0.5092820656,-0.0037464499
0.5093786163,-0.0037726816
0.5094751670,-0.0037987248
0.5095717177,-0.0038245807
0.5096682684,-0.0038502507
0.5097648191,-0.0038757362
0.5098613698,-0.0039010384
0.5099579205,-0.0039261588
0.5100544712,-0.0039510986
0.5101510219,-0.0039758591
0.5102475726,-0.0040004419
0.5103441232,-0.0040248481
0.5104406739,-0.0040490791
0.5105372246,-0.0040731364
0.5106337753,-0.0040970211
0.5107303260,-0.0041207346
0.5108268766,-0.0041442897
0.5109234273,-0.0041676786
0.5110199780,-0.0041909012
0.5111165287,-0.0042139587
0.5112130794,-0.0042368526
0.5113096300,-0.0042595842
0.5114061807,-0.0042821549
0.5115027314,-0.0043045660
0.5115992820,-0.0043268188
0.5116958327,-0.0043489147
0.5117923834,-0.0043708552
0.5118889340,-0.0043926415
0.5119854847,-0.0044142749
0.5120820354,-0.0044357569
0.5121785860,-0.0044570888
0.5122751367,-0.0044782720
0.5123716873,-0.0044993078
0.5124682380,-0.0045201975
0.5125647886,-0.0045409426
0.5126613393,-0.0045615443
0.5127578899,-0.0045820041
0.5128544406,-0.0046023233
0.5129509912,-0.0046225032
0.5130475419,-0.0046425453
0.5131440925,-0.0046624508
0.5132406432,-0.0046822211
0.5133371938,-0.0047018576
0.5134337445,-0.0047213616
0.5135302951,-0.0047407345
0.5136268457,-0.0047599776
0.5137233964,-0.0047790924
0.5138199470,-0.0047980800
0.5139164976,-0.0048169420
0.5140130483,-0.0048356797
0.5141095989,-0.0048542943
0.5142061495,-0.0048727874
0.5143027002,-0.0048911602
0.5143992508,-0.0049094140
0.5144958014,-0.0049275503
0.5145923520,-0.0049455704
0.5146889027,-0.0049634757
0.5147854533,-0.0049812674
0.5148820039,-0.0049989471
0.5149785545,-0.0050165159
0.5150751051,-0.0050339754
0.5151716557,-0.0050513267
0.5152682063,-0.0050685714
0.5153647570,-0.0050857107
0.5154613076,-0.0051027460
0.5155578582,-0.0051196786
0.5156544088,-0.0051365100
0.5157509594,-0.0051532414
0.5158475100,-0.0051698957
0.5159440606,-0.0051864548
0.5160406112,-0.0052029193
0.5161371618,-0.0052192906
0.5162337124,-0.0052355700
0.5163302630,-0.0052517591
0.5164268135,-0.0052678591
0.5165233641,-0.0052838714
0.5166199147,-0.0052997975
0.5167164653,-0.0053156386
0.5168130159,-0.0053313962
0.5169095665,-0.0053470717
0.5170061171,-0.0053626663
0.5171026676,-0.0053781816
0.5171992182,-0.0053936189
0.5172957688,-0.0054089795
0.5173923194,-0.0054242649
0.5174888699,-0.0054394764
0.5175854205,-0.0054546154
0.5176819711,-0.0054696833
0.5177785217,-0.0054846815
0.5178750722,-0.0054996113
0.5179716228,-0.0055144742
0.5180681734,-0.0055292714
0.5181647239,-0.0055440045
0.5182612745,-0.0055586747
0.5183578250,-0.0055732834
0.5184543756,-0.0055878321
0.5185509261,-0.0056023221
0.5186474767,-0.0056167547
0.5187440272,-0.0056311315
0.5188405778,-0.0056454537
0.5189371283,-0.0056597227
0.5190336789,-0.0056739399
0.5191302294,-0.0056881067
0.5192267800,-0.0057022244
0.5193233305,-0.0057162945
0.5194198811,-0.0057303184
0.5195164316,-0.0057442973
0.5196129821,-0.0057582327
0.5197095327,-0.0057721260
0.5198060832,-0.0057859785
0.5199026337,-0.0057997917
0.5199991843,-0.0058135668
0.5200957348,-0.0058273053
0.5201922853,-0.0058410086
0.5202888358,-0.0058547018
0.5203853864,-0.0058684370
0.5204819369,-0.0058821501
0.5205784874,-0.0058958427
0.5206750379,-0.0059095165
0.5207715884,-0.0059231732
0.5208681390,-0.0059368146
0.5209646895,-0.0059504421
0.5210612400,-0.0059640577
0.5211577905,-0.0059776628
0.5212543410,-0.0059912592
0.5213508915,-0.0060048486
0.5214474420,-0.0060184327
0.5215439925,-0.0060320131
0.5216405430,-0.0060455915
0.5217370935,-0.0060591697
0.5218336440,-0.0060727491
0.5219301945,-0.0060863317
0.5220267450,-0.0060999190
0.5221232955,-0.0061135126
0.5222198460,-0.0061271144
0.5223163965,-0.0061407260
0.5224129470,-0.0061543489
0.5225094975,-0.0061679851
0.5226060480,-0.0061816360
0.5227025984,-0.0061953034
0.5227991489,-0.0062089890
0.5228956994,-0.0062226944
0.5229922499,-0.0062364214
0.5230888004,-0.0062501715
0.5231853508,-0.0062639466
0.5232819013,-0.0062777481
0.5233784518,-0.0062915780
0.5234750022,-0.0063054377
0.5235715527,-0.0063193291
0.5236681032,-0.0063332537
0.5237646537,-0.0063472133
0.5238612041,-0.0063612096
0.5239577546,-0.0063752441
0.5240543050,-0.0063893187
0.5241508555,-0.0064034349
0.5242474060,-0.0064175945
0.5243439564,-0.0064317991
0.5244405069,-0.0064460504
0.5245370573,-0.0064603501
0.5246336078,-0.0064746999
0.5247301582,-0.0064891014
0.5248267087,-0.0065034680
0.5249232591,-0.0065178101
0.5250198096,-0.0065322022
0.5251163600,-0.0065466458
0.5252129104,-0.0065611427
0.5253094609,-0.0065756945
0.5254060113,-0.0065903030
0.5255025618,-0.0066049697
0.5255991122,-0.0066196965
0.5256956626,-0.0066344849
0.5257922131,-0.0066493366
0.5258887635,-0.0066642534
0.5259853139,-0.0066792368
0.5260818644,-0.0066942887
0.5261784148,-0.0067094105
0.5262749652,-0.0067246042
0.5263715156,-0.0067398712
0.5264680660,-0.0067552133
0.5265646165,-0.0067706322
0.5266611669,-0.0067861296
0.5267577173,-0.0068017071
0.5268542677,-0.0068173664
0.5269508181,-0.0068331092
0.5270473685,-0.0068489371
0.5271439189,-0.0068648519
0.5272404694,-0.0068808553
0.5273370198,-0.0068969488
0.5274335702,-0.0069131342
0.5275301206,-0.0069294132
0.5276266710,-0.0069457874
0.5277232214,-0.0069621875
0.5278197718,-0.0069785427
0.5279163222,-0.0069948527
0.5280128726,-0.0070111172
0.5281094229,-0.0070273362
0.5282059733,-0.0070435091
0.5283025237,-0.0070596359
0.5283990741,-0.0070757162
0.5284956245,-0.0070917498
0.5285921749,-0.0071077365
0.5286887253,-0.0071236759
0.5287852757,-0.0071395678
0.5288818260,-0.0071554119
0.5289783764,-0.0071712080
0.5290749268,-0.0071869559
0.5291714772,-0.0072026552
0.5292680275,-0.0072183057
0.5293645779,-0.0072339548
0.5294611283,-0.0072495665
0.5295576787,-0.0072651311
0.5296542290,-0.0072806482
0.5297507794,-0.0072961176
0.5298473298,-0.0073115391
0.5299438801,-0.0073269123
0.5300404305,-0.0073422372
0.5301369808,-0.0073575132
0.5302335312,-0.0073727403
0.5303300816,-0.0073879182
0.5304266319,-0.0074030465
0.5305231823,-0.0074181251
0.5306197326,-0.0074331537
0.5307162830,-0.0074481319
0.5308128333,-0.0074630597
0.5309093837,-0.0074779366
0.5310059340,-0.0074927624
0.5311024844,-0.0075075370
0.5311990347,-0.0075222599
0.5312955851,-0.0075369310
0.5313921354,-0.0075515500
0.5314886858,-0.0075661166
0.5315852361,-0.0075806306
0.5316817864,-0.0075950917
0.5317783368,-0.0076094996
0.5318748871,-0.0076238542
0.5319714374,-0.0076381551
0.5320679878,-0.0076524020
0.5321645381,-0.0076665948
0.5322610884,-0.0076807331
0.5323576387,-0.0076948167
0.5324541891,-0.0077088454
0.5325507394,-0.0077228188
0.5326472897,-0.0077367367
0.5327438400,-0.0077505989
0.5328403904,-0.0077644051
0.5329369407,-0.0077781550
0.5330334910,-0.0077918484
0.5331300413,-0.0078054850
0.5332265916,-0.0078190645
0.5333231419,-0.0078326549
0.5334196922,-0.0078462860
0.5335162425,-0.0078598670
0.5336127929,-0.0078733976
0.5337093432,-0.0078868776
0.5338058935,-0.0079003067
0.5339024438,-0.0079136845
0.5339989941,-0.0079270110
0.5340955444,-0.0079402857
0.5341920947,-0.0079535085
0.5342886450,-0.0079666791
0.5343851953,-0.0079797972
0.5344817456,-0.0079928626
0.5345782959,-0.0080058750
0.5346748462,-0.0080188341
0.5347713965,-0.0080317397
0.5348679468,-0.0080445916
0.5349644971,-0.0080573894
0.5350610473,-0.0080701329
0.5351575976,-0.0080828219
0.5352541479,-0.0080954561
0.5353506982,-0.0081080351
0.5354472485,-0.0081205589
0.5355437988,-0.0081330270
0.5356403490,-0.0081454394
0.5357368993,-0.0081577955
0.5358334496,-0.0081700954
0.5359299999,-0.0081823385
0.5360265502,-0.0081945248
0.5361231004,-0.0082066540
0.5362196507,-0.0082187257
0.5363162010,-0.0082307397
0.5364127512,-0.0082426958
0.5365093015,-0.0082545937
0.5366058518,-0.0082664332
0.5367024020,-0.0082782139
0.5367989523,-0.0082899357
0.5368955026,-0.0083015983
0.5369920528,-0.0083132013
0.5370886031,-0.0083247446
0.5371851533,-0.0083362279
0.5372817036,-0.0083476533
0.5373782539,-0.0083591775
0.5374748041,-0.0083706486
0.5375713544,-0.0083820662
0.5376679046,-0.0083934301
0.5377644549,-0.0084047400
0.5378610051,-0.0084159958
0.5379575554,-0.0084271970
0.5380541056,-0.0084383436
0.5381506559,-0.0084494351
0.5382472061,-0.0084604714
0.5383437564,-0.0084714522
0.5384403066,-0.0084823772
0.5385368569,-0.0084932462
0.5386334071,-0.0085040588
0.5387299574,-0.0085148150
0.5388265076,-0.0085255143
0.5389230579,-0.0085361565
0.5390196081,-0.0085467414
0.5391161583,-0.0085572687
0.5392127086,-0.0085677381
0.5393092588,-0.0085781495
0.5394058090,-0.0085885024
0.5395023593,-0.0085987968
0.5395989095,-0.0086090322
0.5396954597,-0.0086192085
0.5397920100,-0.0086293253
0.5398885602,-0.0086393825
0.5399851104,-0.0086493798
0.5400816607,-0.0086593168
0.5401782109,-0.0086691934
0.5402747611,-0.0086790093
0.5403713113,-0.0086887642
0.5404678615,-0.0086984579
0.5405644118,-0.0087080900
0.5406609620,-0.0087176605
0.5407575122,-0.0087271689
0.5408540624,-0.0087366150
0.5409506126,-0.0087461269
0.5410471629,-0.0087556270
0.5411437131,-0.0087650731
0.5412402633,-0.0087744649
0.5413368135,-0.0087838021
0.5414333637,-0.0087930845
0.5415299139,-0.0088023119
0.5416264642,-0.0088114838
0.5417230144,-0.0088206002
0.5418195646,-0.0088296608
0.5419161148,-0.0088386652
0.5420126650,-0.0088476132
0.5421092152,-0.0088565046
0.5422057654,-0.0088653392
0.5423023156,-0.0088741165
0.5423988658,-0.0088828364
0.5424954160,-0.0088914987
0.5425919662,-0.0089001030
0.5426885164,-0.0089086491
0.5427850666,-0.0089171368
0.5428816168,-0.0089255657
0.5429781670,-0.0089339357
0.5430747172,-0.0089422464
0.5431712674,-0.0089504976
0.5432678176,-0.0089586891
0.5433643678,-0.0089668205
0.5434609180,-0.0089748917
0.5435574682,-0.0089829023
0.5436540184,-0.0089908521
0.5437505686,-0.0089987409
0.5438471188,-0.0090065683
0.5439436690,-0.0090143342
0.5440402192,-0.0090220382
0.5441367694,-0.0090296801
0.5442333195,-0.0090372597
0.5443298697,-0.0090447766
0.5444264199,-0.0090522307
0.5445229701,-0.0090597215
0.5446195203,-0.0090672645
0.5447160705,-0.0090747549
0.5448126207,-0.0090821924
0.5449091709,-0.0090895766
0.5450057210,-0.0090969074
0.5451022712,-0.0091041845
0.5451988214,-0.0091114076
0.5452953716,-0.0091185765
0.5453919218,-0.0091256909
0.5454884720,-0.0091327506
0.5455850221,-0.0091397552
0.5456815723,-0.0091467046
0.5457781225,-0.0091535984
0.5458746727,-0.0091604364
0.5459712229,-0.0091672184
0.5460677730,-0.0091739441
0.5461643232,-0.0091806132
0.5462608734,-0.0091872254
0.5463574236,-0.0091937806
0.5464539738,-0.0092002784
0.5465505239,-0.0092067186
0.5466470741,-0.0092131009
0.5467436243,-0.0092194251
0.5468401744,-0.0092256909
0.5469367246,-0.0092318980
0.5470332748,-0.0092380463
0.5471298250,-0.0092441353
0.5472263751,-0.0092501649
0.5473229253,-0.0092561348
0.5474194755,-0.0092620448
0.5475160256,-0.0092678946
0.5476125758,-0.0092736838
0.5477091260,-0.0092794124
0.5478056761,-0.0092850799
0.5479022263,-0.0092906862
0.5479987765,-0.0092962310
0.5480953266,-0.0093017688
0.5481918768,-0.0093074540
0.5482884270,-0.0093130906
0.5483849771,-0.0093186783
0.5484815273,-0.0093242168
0.5485780775,-0.0093297058
0.5486746276,-0.0093351453
0.5487711778,-0.0093405347
0.5488677280,-0.0093458740
0.5489642781,-0.0093511628
0.5490608283,-0.0093564009
0.5491573785,-0.0093615880
0.5492539286,-0.0093667239
0.5493504788,-0.0093718083
0.5494470290,-0.0093768409
0.5495435791,-0.0093818215
0.5496401293,-0.0093867498
0.5497366795,-0.0093916256
0.5498332296,-0.0093964485
0.5499297798,-0.0094012185
0.5500263299,-0.0094059351
0.5501228801,-0.0094105981
0.5502194303,-0.0094152072
0.5503159804,-0.0094197623
0.5504125306,-0.0094242630
0.5505090807,-0.0094287091
0.5506056309,-0.0094331003
0.5507021811,-0.0094374364
0.5507987312,-0.0094417171
0.5508952814,-0.0094459421
0.5509918315,-0.0094501112
0.5510883817,-0.0094542241
0.5511849319,-0.0094582806
0.5512814820,-0.0094622803
0.5513780322,-0.0094662231
0.5514745823,-0.0094701087
0.5515711325,-0.0094739368
0.5516676826,-0.0094777072
0.5517642328,-0.0094815621
0.5518607830,-0.0094853783
0.5519573331,-0.0094891484
0.5520538833,-0.0094928722
0.5521504334,-0.0094965499
0.5522469836,-0.0095001815
0.5523435338,-0.0095037670
0.5524400839,-0.0095073066
0.5525366341,-0.0095108003
0.5526331842,-0.0095142481
0.5527297344,-0.0095176501
0.5528262846,-0.0095210063
0.5529228347,-0.0095243167
0.5530193849,-0.0095275816
0.5531159350,-0.0095308008
0.5532124852,-0.0095339744
0.5533090354,-0.0095371026
0.5534055855,-0.0095401853
0.5535021357,-0.0095432226
0.5535986858,-0.0095462146
0.5536952360,-0.0095491612
0.5537917861,-0.0095520627
0.5538883363,-0.0095549189
0.5539848865,-0.0095577301
0.5540814366,-0.0095604961
0.5541779868,-0.0095632171
0.5542745369,-0.0095658932
0.5543710871,-0.0095685243
0.5544676373,-0.0095711105
0.5545641874,-0.0095736520
0.5546607376,-0.0095761487
0.5547572878,-0.0095786006
0.5548538379,-0.0095810079
0.5549503881,-0.0095833707
0.5550469382,-0.0095856888
0.5551434884,-0.0095879625
0.5552400386,-0.0095901917
0.5553365887,-0.0095923915
0.5554331389,-0.0095945514
0.5555296891,-0.0095966639
0.5556262392,-0.0095987286
0.5557227894,-0.0096007454
0.5558193396,-0.0096027139
0.5559158897,-0.0096046339
0.5560124399,-0.0096065051
0.5561089901,-0.0096083273
0.5562055402,-0.0096101002
0.5563020904,-0.0096118235
0.5563986406,-0.0096134970
0.5564951907,-0.0096151204
0.5565917409,-0.0096166935
0.5566882911,-0.0096182905
0.5567848412,-0.0096199849
0.5568813914,-0.0096217756
0.5569779416,-0.0096236613
0.5570744917,-0.0096256407
0.5571710419,-0.0096277126
0.5572675921,-0.0096298759
0.5573641422,-0.0096321292
0.5574606924,-0.0096344714
0.5575572426,-0.0096369012
0.5576537928,-0.0096394173
0.5577503429,-0.0096420187
0.5578468931,-0.0096447039
0.5579434433,-0.0096474718
0.5580399934,-0.0096503212
0.5581365436,-0.0096532509
0.5582330938,-0.0096562595
0.5583296440,-0.0096593459
0.5584261941,-0.0096625088
0.5585227443,-0.0096657471
0.5586192945,-0.0096690594
0.5587158446,-0.0096724446
0.5588123948,-0.0096759014
0.5589089450,-0.0096795127
0.5590054952,-0.0096833205
0.5591020454,-0.0096872071
0.5591985955,-0.0096911711
0.5592951457,-0.0096952115
0.5593916959,-0.0096993269
0.5594882461,-0.0097035161
0.5595847963,-0.0097077779
0.5596813465,-0.0097121111
0.5597778966,-0.0097165144
0.5598744468,-0.0097209866
0.5599709970,-0.0097255265
0.5600675472,-0.0097301329
0.5601640974,-0.0097348045
0.5602606476,-0.0097395400
0.5603571978,-0.0097443383
0.5604537480,-0.0097491981
0.5605502982,-0.0097541182
0.5606468484,-0.0097590974
0.5607433985,-0.0097641344
0.5608399487,-0.0097692280
0.5609364989,-0.0097743770
0.5610330491,-0.0097795801
0.5611295993,-0.0097848362
0.5612261495,-0.0097901439
0.5613226997,-0.0097955021
0.5614192499,-0.0098009095
0.5615158001,-0.0098063648
0.5616123503,-0.0098118670
0.5617089005,-0.0098174146
0.5618054507,-0.0098230066
0.5619020009,-0.0098286417
0.5619985511,-0.0098343185
0.5620951013,-0.0098400360
0.5621916515,-0.0098457929
0.5622882017,-0.0098515879
0.5623847519,-0.0098574199
0.5624813021,-0.0098632954
0.5625778523,-0.0098692536
0.5626744025,-0.0098752479
0.5627709528,-0.0098812772
0.5628675030,-0.0098873401
0.5629640532,-0.0098934354
0.5630606034,-0.0098995620
0.5631571536,-0.0099057186
0.5632537038,-0.0099119039
0.5633502540,-0.0099181167
0.5634468043,-0.0099243559
0.5635433545,-0.0099306201
0.5636399047,-0.0099369081
0.5637364549,-0.0099432188
0.5638330051,-0.0099495508
0.5639295553,-0.0099559030
0.5640261056,-0.0099622741
0.5641226558,-0.0099686628
0.5642192060,-0.0099750680
0.5643157562,-0.0099814885
0.5644123065,-0.0099879229
0.5645088567,-0.0099943701
0.5646054069,-0.0100008289
0.5647019571,-0.0100072979
0.5647985074,-0.0100137760
0.5648950576,-0.0100202620
0.5649916078,-0.0100267545
0.5650881581,-0.0100332525
0.5651847083,-0.0100397546
0.5652812585,-0.0100462596
0.5653778088,-0.0100527663
0.5654743590,-0.0100592735
0.5655709092,-0.0100657799
0.5656674595,-0.0100722843
0.5657640097,-0.0100787855
0.5658605599,-0.0100852822
0.5659571102,-0.0100917732
0.5660536604,-0.0100982573
0.5661502107,-0.0101048797
0.5662467609,-0.0101115211
0.5663433111,-0.0101181607
0.5664398614,-0.0101247971
0.5665364117,-0.0101314292
0.5666329619,-0.0101380557
0.5667295122,-0.0101446754
0.5668260624,-0.0101512871
0.5669226127,-0.0101578896
0.5670191629,-0.0101644815
0.5671157132,-0.0101710618
0.5672122634,-0.0101776291
0.5673088137,-0.0101841822
0.5674053640,-0.0101907199
0.5675019142,-0.0101972410
0.5675984645,-0.0102037442
0.5676950148,-0.0102102283
0.5677915650,-0.0102166921
0.5678881153,-0.0102231343
0.5679846656,-0.0102295537
0.5680812158,-0.0102359492
0.5681777661,-0.0102423193
0.5682743164,-0.0102486630
0.5683708667,-0.0102549790
0.5684674169,-0.0102612660
0.5685639672,-0.0102675229
0.5686605175,-0.0102737483
0.5687570678,-0.0102799412
0.5688536181,-0.0102861002
0.5689501683,-0.0102922240
0.5690467186,-0.0102983116
0.5691432689,-0.0103043616
0.5692398192,-0.0103103728
0.5693363695,-0.0103163440
0.5694329198,-0.0103222740
0.5695294701,-0.0103281615
0.5696260204,-0.0103340053
0.5697225706,-0.0103397788
0.5698191209,-0.0103454882
0.5699156712,-0.0103511480
0.5700122215,-0.0103567570
0.5701087718,-0.0103623140
0.5702053221,-0.0103678177
0.5703018724,-0.0103732669
0.5703984228,-0.0103786603
0.5704949731,-0.0103839968
0.5705915234,-0.0103892751
0.5706880737,-0.0103944939
0.5707846240,-0.0103996521
0.5708811743,-0.0104047484
0.5709777246,-0.0104097816
0.5710742749,-0.0104147505
0.5711708252,-0.0104196537
0.5712673756,-0.0104244902
0.5713639259,-0.0104292586
0.5714604762,-0.0104339577
0.5715570265,-0.0104385864
0.5716535768,-0.0104431433
0.5717501272,-0.0104476272
0.5718466775,-0.0104520370
0.5719432278,-0.0104563714
0.5720397781,-0.0104606290
0.5721363285,-0.0104648089
0.5722328788,-0.0104689096
0.5723294291,-0.0104729299
0.5724259795,-0.0104768687
0.5725225298,-0.0104807247
0.5726190801,-0.0104844966
0.5727156305,-0.0104881833
0.5728121808,-0.0104917835
0.5729087312,-0.0104952960
0.5730052815,-0.0104987195
0.5731018319,-0.0105020528
0.5731983822,-0.0105052948
0.5732949325,-0.0105084735
0.5733914829,-0.0105116174
0.5734880333,-0.0105146708
0.5735845836,-0.0105176324
0.5736811340,-0.0105205009
0.5737776843,-0.0105232752
0.5738742347,-0.0105259540
0.5739707851,-0.0105285361
0.5740673354,-0.0105310203
0.5741638858,-0.0105334053
0.5742604362,-0.0105356899
0.5743569865,-0.0105378728
0.5744535369,-0.0105399529
0.5745500873,-0.0105419289
0.5746466376,-0.0105437996
0.5747431880,-0.0105455637
0.5748397384,-0.0105472201
0.5749362888,-0.0105487674
0.5750328392,-0.0105502045
0.5751293895,-0.0105515301
0.5752259399,-0.0105527430
0.5753224903,-0.0105538420
0.5754190407,-0.0105548258
0.5755155911,-0.0105556932
0.5756121415,-0.0105564430
0.5757086919,-0.0105570739
0.5758052423,-0.0105575848
0.5759017927,-0.0105579743
0.5759983431,-0.0105582413
0.5760948935,-0.0105583845
0.5761914439,-0.0105584027
0.5762879943,-0.0105582947
0.5763845447,-0.0105580592
0.5764810951,-0.0105576950
0.5765776455,-0.0105571708
0.5766741959,-0.0105565062
0.5767707463,-0.0105557071
0.5768672967,-0.0105547722
0.5769638472,-0.0105537002
0.5770603976,-0.0105524900
0.5771569480,-0.0105511403
0.5772534984,-0.0105496499
0.5773500488,-0.0105480175
0.5774465993,-0.0105462420
0.5775431497,-0.0105443220
0.5776397001,-0.0105422565
0.5777362506,-0.0105400440
0.5778328010,-0.0105376835
0.5779293514,-0.0105351736
0.5780259019,-0.0105325132
0.5781224523,-0.0105297010
0.5782190028,-0.0105267358
0.5783155532,-0.0105236163
0.5784121036,-0.0105203414
0.5785086541,-0.0105169098
0.5786052045,-0.0105133202
0.5787017550,-0.0105095714
0.5787983054,-0.0105056623
0.5788948559,-0.0105015915
0.5789914063,-0.0104973579
0.5790879568,-0.0104929602
0.5791845073,-0.0104883971
0.5792810577,-0.0104836676
0.5793776082,-0.0104787702
0.5794741586,-0.0104737038
0.5795707091,-0.0104684672
0.5796672596,-0.0104630591
0.5797638100,-0.0104575092
0.5798603605,-0.0104518760
0.5799569110,-0.0104460745
0.5800534615,-0.0104401036
0.5801500120,-0.0104339620
0.5802465624,-0.0104276484
0.5803431129,-0.0104211617
0.5804396634,-0.0104145007
0.5805362139,-0.0104076640
0.5806327644,-0.0104006504
0.5807293149,-0.0103934588
0.5808258654,-0.0103860879
0.5809224159,-0.0103785364
0.5810189664,-0.0103708032
0.5811155169,-0.0103628870
0.5812120674,-0.0103547866
0.5813086179,-0.0103465007
0.5814051684,-0.0103380281
0.5815017189,-0.0103293676
0.5815982694,-0.0103205180
0.5816948199,-0.0103114779
0.5817913704,-0.0103022463
0.5818879209,-0.0102928218
0.5819844714,-0.0102832033
0.5820810219,-0.0102733895
0.5821775725,-0.0102633791
0.5822741230,-0.0102531710
0.5823706735,-0.0102427639
0.5824672240,-0.0102321566
0.5825637746,-0.0102213478
0.5826603251,-0.0102103364
0.5827568756,-0.0101991210
0.5828534261,-0.0101877005
0.5829499767,-0.0101760737
0.5830465272,-0.0101642772
0.5831430778,-0.0101522890
0.5832396283,-0.0101400939
0.5833361788,-0.0101276905
0.5834327294,-0.0101150777
0.5835292799,-0.0101022542
0.5836258305,-0.0100892187
0.5837223810,-0.0100759702
0.5838189316,-0.0100625072
0.5839154822,-0.0100488286
0.5840120327,-0.0100349332
0.5841085833,-0.0100208198
0.5842051338,-0.0100064870
0.5843016844,-0.0099919337
0.5843982350,-0.0099771587
0.5844947855,-0.0099621606
0.5845913361,-0.0099469384
0.5846878867,-0.0099314906
0.5847844372,-0.0099158163
0.5848809878,-0.0098999140
0.5849775384,-0.0098837825
0.5850740890,-0.0098674207
0.5851706396,-0.0098508273
0.5852671901,-0.0098340011
0.5853637407,-0.0098169408
0.5854602913,-0.0097996452
0.5855568419,-0.0097821130
0.5856533925,-0.0097643086
0.5857499431,-0.0097461982
0.5858464937,-0.0097277843
0.5859430443,-0.0097090689
0.5860395949,-0.0096900543
0.5861361455,-0.0096707427
0.5862326961,-0.0096511007
0.5863292467,-0.0096309999
0.5864257973,-0.0096105973
0.5865223479,-0.0095898951
0.5866188985,-0.0095688955
0.5867154491,-0.0095476007
0.5868119998,-0.0095260130
0.5869085504,-0.0095041346
0.5870051010,-0.0094819676
0.5871016516,-0.0094595144
0.5871982022,-0.0094367772
0.5872947529,-0.0094137582
0.5873913035,-0.0093904596
0.5874878541,-0.0093668836
0.5875844048,-0.0093430326
0.5876809554,-0.0093189086
0.5877775060,-0.0092945140
0.5878740567,-0.0092698509
0.5879706073,-0.0092449216
0.5880671580,-0.0092197283
0.5881637086,-0.0091942733
0.5882602593,-0.0091685587
0.5883568099,-0.0091425868
0.5884533606,-0.0091163599
0.5885499112,-0.0090898801
0.5886464619,-0.0090631497
0.5887430125,-0.0090361709
0.5888395632,-0.0090089459
0.5889361138,-0.0089814770
0.5890326645,-0.0089537663
0.5891292152,-0.0089258162
0.5892257658,-0.0088976289
0.5893223165,-0.0088692065
0.5894188672,-0.0088405513
0.5895154178,-0.0088112736
0.5896119685,-0.0087815204
0.5897085192,-0.0087515054
0.5898050699,-0.0087212309
0.5899016206,-0.0086906990
0.5899981712,-0.0086599121
0.5900947219,-0.0086288722
0.5901912726,-0.0085975817
0.5902878233,-0.0085660427
0.5903843740,-0.0085342576
0.5904809247,-0.0085022285
0.5905774754,-0.0084699576
0.5906740261,-0.0084374472
0.5907705768,-0.0084046995
0.5908671275,-0.0083717168
0.5909636782,-0.0083385012
0.5910602289,-0.0083050550
0.5911567796,-0.0082713804
0.5912533303,-0.0082374796
0.5913498810,-0.0082033550
0.5914464317,-0.0081690086
0.5915429825,-0.0081344428
0.5916395332,-0.0080996597
0.5917360839,-0.0080646616
0.5918326346,-0.0080294507
0.5919291853,-0.0079940292
0.5920257361,-0.0079583994
0.5921222868,-0.0079225635
0.5922188375,-0.0078865237
0.5923153883,-0.0078502823
0.5924119390,-0.0078138414
0.5925084897,-0.0077772034
0.5926050405,-0.0077403703
0.5927015912,-0.0077033718
0.5927981420,-0.0076664302
0.5928946927,-0.0076293161
0.5929912435,-0.0075920317
0.5930877942,-0.0075545794
0.5931843450,-0.0075169612
0.5932808957,-0.0074791795
0.5933774465,-0.0074412364
0.5934739972,-0.0074031342
0.5935705480,-0.0073648752
0.5936670987,-0.0073264614
0.5937636495,-0.0072878953
0.5938602003,-0.0072491789
0.5939567510,-0.0072103146
0.5940533018,-0.0071713045
0.5941498526,-0.0071321509
0.5942464033,-0.0070928560
0.5943429541,-0.0070534220
0.5944395049,-0.0070138512
0.5945360557,-0.0069741457
0.5946326065,-0.0069343079
0.5947291572,-0.0068943400
0.5948257080,-0.0068542441
0.5949222588,-0.0068140225
0.5950188096,-0.0067736774
0.5951153604,-0.0067332111
0.5952119112,-0.0066926258
0.5953084620,-0.0066519236
0.5954050128,-0.0066111069
0.5955015636,-0.0065701779
0.5955981144,-0.0065292887
0.5956946652,-0.0064889075
0.5957912160,-0.0064484697
0.5958877668,-0.0064079773
0.5959843176,-0.0063674326
0.5960808684,-0.0063268379
0.5961774192,-0.0062861954
0.5962739700,-0.0062455073
0.5963705208,-0.0062047758
0.5964670717,-0.0061640032
0.5965636225,-0.0061231917
0.5966601733,-0.0060823434
0.5967567241,-0.0060414608
0.5968532750,-0.0060005459
0.5969498258,-0.0059596010
0.5970463766,-0.0059186284
0.5971429275,-0.0058776302
0.5972394783,-0.0058366087
0.5973360291,-0.0057955661
0.5974325800,-0.0057545046
0.5975291308,-0.0057134265
0.5976256816,-0.0056723340
0.5977222325,-0.0056312293
0.5978187833,-0.0055901147
0.5979153342,-0.0055489923
0.5980118850,-0.0055078645
0.5981084359,-0.0054667334
0.5982049867,-0.0054256012
0.5983015376,-0.0053844702
0.5983980885,-0.0053433426
0.5984946393,-0.0053021878
0.5985911902,-0.0052609611
0.5986877410,-0.0052197374
0.5987842919,-0.0051785189
0.5988808428,-0.0051373077
0.5989773936,-0.0050961062
0.5990739445,-0.0050549166
0.5991704954,-0.0050137410
0.5992670463,-0.0049725817
0.5993635971,-0.0049314410
0.5994601480,-0.0048903210
0.5995566989,-0.0048492241
0.5996532498,-0.0048081523
0.5997498007,-0.0047671080
0.5998463516,-0.0047260934
0.5999429024,-0.0046851107
0.6000394533,-0.0046441621
0.6001360042,-0.0046032499
0.6002325551,-0.0045623763
0.6003291060,-0.0045215435
0.6004256569,-0.0044807537
0.6005222078,-0.0044400092
0.6006187587,-0.0043993121
0.6007153096,-0.0043586649
0.6008118605,-0.0043180695
0.6009084114,-0.0042775283
0.6010049623,-0.0042370436
0.6011015133,-0.0041966175
0.6011980642,-0.0041562522
0.6012946151,-0.0041159500
0.6013911660,-0.0040754875
0.6014877169,-0.0040347366
0.6015842678,-0.0039940188
0.6016808188,-0.0039533364
0.6017773697,-0.0039126915
0.6018739206,-0.0038720864
0.6019704715,-0.0038315232
0.6020670225,-0.0037910043
0.6021635734,-0.0037505319
0.6022601243,-0.0037101081
0.6023566753,-0.0036697353
0.6024532262,-0.0036294156
0.6025497772,-0.0035891512
0.6026463281,-0.0035489445
0.6027428790,-0.0035087976
0.6028394300,-0.0034687127
0.6029359809,-0.0034286921
0.6030325319,-0.0033887380
0.6031290828,-0.0033488526
0.6032256338,-0.0033090382
0.6033221847,-0.0032692970
0.6034187357,-0.0032296312
0.6035152866,-0.0031900430
0.6036118376,-0.0031505348
0.6037083886,-0.0031111085
0.6038049395,-0.0030717667
0.6039014905,-0.0030325113
0.6039980415,-0.0029933448
0.6040945924,-0.0029542692
0.6041911434,-0.0029152869
0.6042876944,-0.0028766347
0.6043842454,-0.0028383310
0.6044807963,-0.0028001577
0.6045773473,-0.0027621169
0.6046738983,-0.0027242109
0.6047704493,-0.0026864419
0.6048670002,-0.0026488122
0.6049635512,-0.0026113239
0.6050601022,-0.0025739794
0.6051566532,-0.0025367807
0.6052532042,-0.0024997303
0.6053497552,-0.0024628302
0.6054463062,-0.0024260827
0.6055428572,-0.0023894901
0.6056394082,-0.0023530546
0.6057359592,-0.0023167783
0.6058325102,-0.0022806636
0.6059290612,-0.0022447126
0.6060256122,-0.0022089276
0.6061221632,-0.0021733108
0.6062187142,-0.0021378644
0.6063152652,-0.0021025907
0.6064118162,-0.0020674919
0.6065083672,-0.0020325701
0.6066049182,-0.0019978278
0.6067014693,-0.0019632670
0.6067980203,-0.0019288900
0.6068945713,-0.0018946990
0.6069911223,-0.0018606963
0.6070876733,-0.0018268840
0.6071842244,-0.0017936301
0.6072807754,-0.0017608380
0.6073773264,-0.0017282824
0.6074738774,-0.0016959656
0.6075704285,-0.0016638898
0.6076669795,-0.0016320572
0.6077635305,-0.0016004701
0.6078600816,-0.0015691307
0.6079566326,-0.0015380412
0.6080531837,-0.0015072038
0.6081497347,-0.0014766208
0.6082462857,-0.0014462944
0.6083428368,-0.0014162268
0.6084393878,-0.0013864202
0.6085359389,-0.0013568770
0.6086324899,-0.0013275992
0.6087290410,-0.0012985892
0.6088255920,-0.0012698491
0.6089221431,-0.0012413813
0.6090186941,-0.0012131878
0.6091152452,-0.0011852710
0.6092117963,-0.0011576330
0.6093083473,-0.0011302762
0.6094048984,-0.0011032027
0.6095014495,-0.0010764147
0.6095980005,-0.0010499145
0.6096945516,-0.0010237043
0.6097911027,-0.0009977864
0.6098876537,-0.0009721629
0.6099842048,-0.0009468361
0.6100807559,-0.0009216733
0.6101773070,-0.0008967403
0.6102738580,-0.0008720912
0.6103704091,-0.0008477277
0.6104669602,-0.0008236513
0.6105635113,-0.0007998636
0.6106600624,-0.0007763663
0.6107566135,-0.0007531610
0.6108531645,-0.0007302492
0.6109497156,-0.0007076326
0.6110462667,-0.0006853128
0.6111428178,-0.0006632915
0.6112393689,-0.0006415701
0.6113359200,-0.0006201504
0.6114324711,-0.0005990340
0.6115290222,-0.0005782224
0.6116255733,-0.0005577173
0.6117221244,-0.0005375202
0.6118186755,-0.0005176329
0.6119152266,-0.0004980569
0.6120117777,-0.0004787938
0.6121083288,-0.0004598452
0.6122048799,-0.0004412127
0.6123014310,-0.0004228980
0.6123979822,-0.0004049027
0.6124945333,-0.0003872284
0.6125910844,-0.0003698766
0.6126876355,-0.0003528491
0.6127841866,-0.0003361473
0.6128807377,-0.0003197730
0.6129772889,-0.0003034163
0.6130738400,-0.0002873009
0.6131703911,-0.0002714998
0.6132669422,-0.0002560153
0.6133634934,-0.0002408496
0.6134600445,-0.0002260049
0.6135565956,-0.0002114835
0.6136531467,-0.0001972875
0.6137496979,-0.0001834192
0.6138462490,-0.0001698809
0.6139428002,-0.0001566747
0.6140393513,-0.0001438029
0.6141359024,-0.0001312677
0.6142324536,-0.0001190713
0.6143290047,-0.0001072160
0.6144255559,-0.0000957040
0.6145221070,-0.0000845375
0.6146186582,-0.0000736947
0.6147152093,-0.0000631514
0.6148117605,-0.0000529062
0.6149083116,-0.0000429576
0.6150048628,-0.0000333044
0.6151014139,-0.0000239451
0.6151979651,-0.0000148783
0.6152945162,-0.0000061027
0.6153910674,0.0000023832
0.6154876186,0.0000105807
0.6155841697,0.0000184912
0.6156807209,0.0000261161
0.6157772720,0.0000334568
0.6158738232,0.0000406980
0.6159703744,0.0000476878
0.6160669256,0.0000544107
0.6161634767,0.0000608679
0.6162600279,0.0000670609
0.6163565791,0.0000729910
0.6164531302,0.0000786596
0.6165496814,0.0000840682
0.6166462326,0.0000892181
0.6167427838,0.0000941107
0.6168393350,0.0000987473
0.6169358861,0.0001031294
0.6170324373,0.0001072584
0.6171289885,0.0001111356
0.6172255397,0.0001147624
0.6173220909,0.0001181402
0.6174186421,0.0001212705
0.6175151933,0.0001241545
0.6176117445,0.0001267936
0.6177082956,0.0001291894
0.6178048468,0.0001313430
0.6179013980,0.0001332560
0.6179979492,0.0001349298
0.6180945004,0.0001363656
0.6181910516,0.0001375649
0.6182876028,0.0001385290
0.6183841540,0.0001392595
0.6184807052,0.0001397576
0.6185772565,0.0001400247
0.6186738077,0.0001400672
0.6187703589,0.0001402624
0.6188669101,0.0001402558
0.6189634613,0.0001400488
0.6190600125,0.0001396426
0.6191565637,0.0001390388
0.6192531149,0.0001382386
0.6193496661,0.0001372435
0.6194462174,0.0001360549
0.6195427686,0.0001346742
0.6196393198,0.0001331027
0.6197358710,0.0001313418
0.6198324222,0.0001293929
0.6199289735,0.0001272574
0.6200255247,0.0001249367
0.6201220759,0.0001224322
0.6202186271,0.0001197452
0.6203151784,0.0001168772
0.6204117296,0.0001138295
0.6205082808,0.0001106035
0.6206048321,0.0001072006
0.6207013833,0.0001036222
0.6207979345,0.0000998697
0.6208944858,0.0000959445
0.6209910370,0.0000918478
0.6210875882,0.0000875813
0.6211841395,0.0000831461
0.6212806907,0.0000785438
0.6213772420,0.0000737756
0.6214737932,0.0000688430
0.6215703444,0.0000637474
0.6216668957,0.0000584901
0.6217634469,0.0000530726
0.6218599982,0.0000474962
0.6219565494,0.0000417623
0.6220531007,0.0000358723
0.6221496519,0.0000298276
0.6222462032,0.0000236296
0.6223427545,0.0000172796
0.6224393057,0.0000107791
0.6225358570,0.0000041293
0.6226324082,-0.0000026682
0.6227289595,-0.0000096121
0.6228255108,-0.0000167010
0.6229220620,-0.0000239335
0.6230186133,-0.0000313083
0.6231151645,-0.0000388239
0.6232117158,-0.0000464790
0.6233082671,-0.0000542722
0.6234048183,-0.0000622021
0.6235013696,-0.0000702673
0.6235979209,-0.0000784664
0.6236944722,-0.0000867980
0.6237910234,-0.0000952608
0.6238875747,-0.0001038534
0.6239841260,-0.0001125743
0.6240806773,-0.0001214222
0.6241772286,-0.0001303957
0.6242737798,-0.0001394935
0.6243703311,-0.0001487141
0.6244668824,-0.0001582897
0.6245634337,-0.0001688562
0.6246599850,-0.0001795774
0.6247565362,-0.0001904519
0.6248530875,-0.0002014784
0.6249496388,-0.0002126555
0.6250461901,-0.0002239818
0.6251427414,-0.0002354560
0.6252392927,-0.0002470765
0.6253358440,-0.0002588421
0.6254323953,-0.0002707513
0.6255289466,-0.0002828029
0.6256254979,-0.0002949953
0.6257220491,-0.0003073271
0.6258186004,-0.0003197971
0.6259151517,-0.0003324039
0.6260117030,-0.0003451459
0.6261082543,-0.0003580219
0.6262048056,-0.0003710305
0.6263013569,-0.0003841703
0.6263979082,-0.0003974398
0.6264944596,-0.0004108378
0.6265910109,-0.0004243628
0.6266875622,-0.0004380134
0.6267841135,-0.0004517882
0.6268806648,-0.0004656859
0.6269772161,-0.0004797051
0.6270737674,-0.0004938444
0.6271703187,-0.0005081023
0.6272668700,-0.0005224776
0.6273634213,-0.0005369689
0.6274599727,-0.0005515746
0.6275565240,-0.0005662935
0.6276530753,-0.0005811242
0.6277496266,-0.0005960653
0.6278461779,-0.0006111153
0.6279427293,-0.0006262730
0.6280392806,-0.0006415369
0.6281358319,-0.0006569057
0.6282323832,-0.0006723778
0.6283289346,-0.0006879521
0.6284254859,-0.0007036270
0.6285220372,-0.0007194013
0.6286185885,-0.0007352734
0.6287151399,-0.0007512420
0.6288116912,-0.0007673058
0.6289082425,-0.0007834634
0.6290047939,-0.0007997132
0.6291013452,-0.0008160541
0.6291978965,-0.0008324846
0.6292944479,-0.0008490032
0.6293909992,-0.0008656087
0.6294875506,-0.0008822996
0.6295841019,-0.0008990746
0.6296806533,-0.0009159322
0.6297772046,-0.0009328710
0.6298737559,-0.0009498898
0.6299703073,-0.0009669871
0.6300668586,-0.0009841614
0.6301634100,-0.0010014115
0.6302599613,-0.0010199230
0.6303565127,-0.0010402248
0.6304530640,-0.0010606925
0.6305496154,-0.0010813246
0.6306461667,-0.0011021198
0.6307427181,-0.0011230766
0.6308392694,-0.0011441937
0.6309358208,-0.0011654697
0.6310323721,-0.0011869031
0.6311289235,-0.0012084927
0.6312254748,-0.0012302370
0.6313220262,-0.0012521347
0.6314185776,-0.0012741843
0.6315151289,-0.0012963844
0.6316116803,-0.0013187338
0.6317082316,-0.0013412309
0.6318047830,-0.0013638744
0.6319013344,-0.0013866630
0.6319978857,-0.0014095952
0.6320944371,-0.0014326696
0.6321909884,-0.0014558850
0.6322875398,-0.0014792397
0.6323840912,-0.0015027326
0.6324806425,-0.0015263622
0.6325771939,-0.0015501271
0.6326737453,-0.0015740259
0.6327702967,-0.0015980572
0.6328668480,-0.0016222198
0.6329633994,-0.0016465121
0.6330599508,-0.0016709327
0.6331565021,-0.0016954804
0.6332530535,-0.0017201537
0.6333496049,-0.0017449512
0.6334461563,-0.0017698716
0.6335427077,-0.0017949134
0.6336392590,-0.0018202388
0.6337358104,-0.0018460686
0.6338323618,-0.0018720457
0.6339289132,-0.0018981686
0.6340254646,-0.0019244359
0.6341220159,-0.0019508463
0.6342185673,-0.0019773983
0.6343151187,-0.0020040906
0.6344116701,-0.0020309218
0.6345082215,-0.0020578905
0.6346047729,-0.0020849954
0.6347013243,-0.0021122349
0.6347978757,-0.0021396078
0.6348944270,-0.0021671126
0.6349909784,-0.0021947481
0.6350875298,-0.0022225127
0.6351840812,-0.0022504051
0.6352806326,-0.0022784239
0.6353771840,-0.0023065677
0.6354737354,-0.0023348352
0.6355702868,-0.0023632249
0.6356668382,-0.0023917355
0.6357633896,-0.0024203656
0.6358599410,-0.0024491138
0.6359564924,-0.0024779787
0.6360530438,-0.0025069589
0.6361495952,-0.0025360530
0.6362461466,-0.0025652597
0.6363426980,-0.0025945776
0.6364392494,-0.0026240052
0.6365358008,-0.0026535412
0.6366323522,-0.0026831843
0.6367289036,-0.0027129329
0.6368254550,-0.0027427858
0.6369220065,-0.0027727415
0.6370185579,-0.0028027051
0.6371151093,-0.0028323767
0.6372116607,-0.0028621205
0.6373082121,-0.0028919349
0.6374047635,-0.0029218186
0.6375013149,-0.0029517702
0.6375978663,-0.0029817884
0.6376944177,-0.0030118718
0.6377909692,-0.0030420189
0.6378875206,-0.0030722283
0.6379840720,-0.0031024988
0.6380806234,-0.0031328289
0.6381771748,-0.0031632172
0.6382737262,-0.0031936623
0.6383702777,-0.0032241629
0.6384668291,-0.0032547175
0.6385633805,-0.0032853248
0.6386599319,-0.0033159834
0.6387564834,-0.0033466919
0.6388530348,-0.0033774489
0.6389495862,-0.0034082531
0.6390461376,-0.0034391029
0.6391426891,-0.0034699972
0.6392392405,-0.0035009344
0.6393357919,-0.0035319132
0.6394323433,-0.0035629322
0.6395288948,-0.0035939900
0.6396254462,-0.0036250852
0.6397219976,-0.0036562165
0.6398185491,-0.0036873824
0.6399151005,-0.0037185816
0.6400116519,-0.0037498126
0.6401082034,-0.0037810742
0.6402047548,-0.0038123648
0.6403013062,-0.0038436832
0.6403978577,-0.0038749248
0.6404944091,-0.0039051078
0.6405909605,-0.0039352489
0.6406875120,-0.0039653469
0.6407840634,-0.0039954002
0.6408806149,-0.0040254076
0.6409771663,-0.0040553675
0.6410737177,-0.0040852787
0.6411702692,-0.0041151397
0.6412668206,-0.0041449492
0.6413633721,-0.0041747057
0.6414599235,-0.0042044080
0.6415564750,-0.0042340545
0.6416530264,-0.0042636439
0.6417495778,-0.0042931749
0.6418461293,-0.0043226460
0.6419426807,-0.0043520559
0.6420392322,-0.0043814031
0.6421357836,-0.0044106863
0.6422323351,-0.0044399041
0.6423288865,-0.0044690551
0.6424254380,-0.0044981379
0.6425219894,-0.0045271512
0.6426185409,-0.0045560935
0.6427150923,-0.0045849635
0.6428116438,-0.0046137597
0.6429081953,-0.0046424809
0.6430047467,-0.0046711255
0.6431012982,-0.0046996923
0.6431978496,-0.0047281797
0.6432944011,-0.0047565866
0.6433909525,-0.0047849113
0.6434875040,-0.0048131527
0.6435840555,-0.0048412779
0.6436806069,-0.0048692567
0.6437771584,-0.0048970909
0.6438737098,-0.0049236319
0.6439702613,-0.0049499111
0.6440668128,-0.0049759502
0.6441633642,-0.0050017485
0.6442599157,-0.0050273052
0.6443564672,-0.0050526197
0.6444530186,-0.0050776913
0.6445495701,-0.0051025192
0.6446461216,-0.0051271027
0.6447426730,-0.0051514411
0.6448392245,-0.0051755337
0.6449357760,-0.0051993798
0.6450323274,-0.0052229787
0.6451288789,-0.0052463296
0.6452254304,-0.0052694318
0.6453219818,-0.0052922847
0.6454185333,-0.0053148875
0.6455150848,-0.0053372395
0.6456116363,-0.0053593400
0.6457081877,-0.0053811883
0.6458047392,-0.0054027836
0.6459012907,-0.0054241252
0.6459978421,-0.0054452126
0.6460943936,-0.0054660448
0.6461909451,-0.0054866212
0.6462874966,-0.0055069411
0.6463840481,-0.0055270038
0.6464805995,-0.0055468086
0.6465771510,-0.0055663547
0.6466737025,-0.0055856415
0.6467702540,-0.0056046682
0.6468668054,-0.0056234341
0.6469633569,-0.0056419385
0.6470599084,-0.0056601807
0.6471564599,-0.0056781600
0.6472530114,-0.0056960410
0.6473495629,-0.0057136972
0.6474461143,-0.0057311048
0.6475426658,-0.0057482636
0.6476392173,-0.0057651732
0.6477357688,-0.0057818334
0.6478323203,-0.0057982440
0.6479288718,-0.0058144046
0.6480254233,-0.0058303151
0.6481219747,-0.0058459751
0.6482185262,-0.0058613843
0.6483150777,-0.0058765426
0.6484116292,-0.0058914495
0.6485081807,-0.0059061050
0.6486047322,-0.0059205086
0.6487012837,-0.0059346602
0.6487978352,-0.0059485594
0.6488943867,-0.0059622060
0.6489909382,-0.0059755998
0.6490874897,-0.0059887404
0.6491840411,-0.0060016276
0.6492805926,-0.0060142611
0.6493771441,-0.0060266406
0.6494736956,-0.0060387660
0.6495702471,-0.0060506369
0.6496667986,-0.0060622530
0.6497633501,-0.0060736141
0.6498599016,-0.0060847199
0.6499564531,-0.0060955701
0.6500530046,-0.0061061646
0.6501495561,-0.0061165029
0.6502461076,-0.0061265849
0.6503426591,-0.0061364103
0.6504392106,-0.0061459788
0.6505357621,-0.0061552901
0.6506323136,-0.0061646687
0.6507288651,-0.0061739234
0.6508254166,-0.0061829573
0.6509219681,-0.0061917710
0.6510185196,-0.0062003654
0.6511150711,-0.0062087410
0.6512116226,-0.0062168987
0.6513081742,-0.0062248392
0.6514047257,-0.0062325633
0.6515012772,-0.0062400716
0.6515978287,-0.0062473649
0.6516943802,-0.0062544441
0.6517909317,-0.0062613096
0.6518874832,-0.0062679625
0.6519840347,-0.0062744033
0.6520805862,-0.0062806328
0.6521771377,-0.0062866517
0.6522736892,-0.0062924608
0.6523702408,-0.0062980609
0.6524667923,-0.0063034526
0.6525633438,-0.0063086367
0.6526598953,-0.0063136139
0.6527564468,-0.0063183850
0.6528529983,-0.0063229507
0.6529495498,-0.0063273118
0.6530461014,-0.0063314689
0.6531426529,-0.0063354229
0.6532392044,-0.0063391744
0.6533357559,-0.0063427243
0.6534323074,-0.0063460731
0.6535288589,-0.0063492218
0.6536254105,-0.0063521709
0.6537219620,-0.0063549213
0.6538185135,-0.0063574737
0.6539150650,-0.0063598288
0.6540116165,-0.0063621191
0.6541081680,-0.0063642983
0.6542047196,-0.0063663000
0.6543012711,-0.0063681255
0.6543978226,-0.0063697760
0.6544943741,-0.0063712527
0.6545909257,-0.0063725567
0.6546874772,-0.0063736894
0.6547840287,-0.0063746520
0.6548805802,-0.0063754455
0.6549771318,-0.0063760714
0.6550736833,-0.0063765308
0.6551702348,-0.0063768248
0.6552667863,-0.0063769548
0.6553633379,-0.0063769219
0.6554598894,-0.0063767274
0.6555564409,-0.0063763724
0.6556529924,-0.0063758583
0.6557495440,-0.0063751861
0.6558460955,-0.0063743572
0.6559426470,-0.0063733727
0.6560391986,-0.0063722338
0.6561357501,-0.0063709419
0.6562323016,-0.0063694980
0.6563288531,-0.0063679034
0.6564254047,-0.0063661594
0.6565219562,-0.0063642671
0.6566185077,-0.0063622277
0.6567150593,-0.0063600425
0.6568116108,-0.0063577127
0.6569081623,-0.0063552395
0.6570047139,-0.0063526242
0.6571012654,-0.0063498679
0.6571978169,-0.0063469718
0.6572943685,-0.0063439372
0.6573909200,-0.0063409500
0.6574874715,-0.0063380054
0.6575840231,-0.0063349556
0.6576805746,-0.0063318026
0.6577771262,-0.0063285486
0.6578736777,-0.0063251955
0.6579702292,-0.0063217453
0.6580667808,-0.0063182002
0.6581633323,-0.0063145620
0.6582598838,-0.0063108329
0.6583564354,-0.0063070148
0.6584529869,-0.0063031099
0.6585495385,-0.0062991200
0.6586460900,-0.0062950473
0.6587426415,-0.0062908938
0.6588391931,-0.0062866615
0.6589357446,-0.0062823524
0.6590322962,-0.0062779686
0.6591288477,-0.0062735121
0.6592253993,-0.0062689848
0.6593219508,-0.0062643889
0.6594185023,-0.0062597264
0.6595150539,-0.0062549993
0.6596116054,-0.0062502096
0.6597081570,-0.0062453594
0.6598047085,-0.0062404506
0.6599012601,-0.0062354854
0.6599978116,-0.0062304656
0.6600943632,-0.0062253935
0.6601909147,-0.0062202709
0.6602874663,-0.0062150999
0.6603840178,-0.0062098826
0.6604805694,-0.0062046210
0.6605771209,-0.0061993171
0.6606736724,-0.0061939729
0.6607702240,-0.0061895044
0.6608667755,-0.0061862855
0.6609633271,-0.0061831513
0.6610598786,-0.0061801040
0.6611564302,-0.0061771455
0.6612529817,-0.0061742780
0.6613495333,-0.0061715033
0.6614460849,-0.0061688236
0.6615426364,-0.0061662409
0.6616391880,-0.0061637572
0.6617357395,-0.0061613745
0.6618322911,-0.0061590948
0.6619288426,-0.0061569203
0.6620253942,-0.0061548529
0.6621219457,-0.0061528946
0.6622184973,-0.0061510475
0.6623150488,-0.0061493136
0.6624116004,-0.0061476950
0.6625081519,-0.0061461936
0.6626047035,-0.0061448114
0.6627012551,-0.0061435506
0.6627978066,-0.0061424132
0.6628943582,-0.0061414011
0.6629909097,-0.0061405164
0.6630874613,-0.0061397612
0.6631840128,-0.0061391374
0.6632805644,-0.0061386471
0.6633771160,-0.0061382923
0.6634736675,-0.0061380751
0.6635702191,-0.0061379974
0.6636667706,-0.0061380614
0.6637633222,-0.0061382689
0.6638598738,-0.0061386221
0.6639564253,-0.0061391230
0.6640529769,-0.0061397737
0.6641495285,-0.0061411181
0.6642460800,-0.0061438167
0.6643426316,-0.0061467659
0.6644391831,-0.0061499678
0.6645357347,-0.0061534243
0.6646322863,-0.0061571376
0.6647288378,-0.0061611095
0.6648253894,-0.0061653422
0.6649219410,-0.0061698377
0.6650184925,-0.0061745980
0.6651150441,-0.0061796252
0.6652115957,-0.0061849212
0.6653081472,-0.0061904882
0.6654046988,-0.0061963280
0.6655012504,-0.0062024428
0.6655978019,-0.0062088346
0.6656943535,-0.0062155054
0.6657909051,-0.0062224572
0.6658874566,-0.0062296922
0.6659840082,-0.0062372122
0.6660805598,-0.0062450193
0.6661771113,-0.0062531156
0.6662736629,-0.0062615030
0.6663702145,-0.0062701837
0.6664667660,-0.0062791596
0.6665633176,-0.0062884328
0.6666598692,-0.0062980053
0.6667564207,-0.0063078791
0.6668529723,-0.0063180563
0.6669495239,-0.0063285388
0.6670460755,-0.0063393287
0.6671426270,-0.0063504281
0.6672391786,-0.0063627911
0.6673357302,-0.0063759005
0.6674322817,-0.0063894067
0.6675288333,-0.0064033119
0.6676253849,-0.0064176180
0.6677219365,-0.0064323270
0.6678184880,-0.0064474411
0.6679150396,-0.0064629622
0.6680115912,-0.0064788923
0.6681081428,-0.0064952336
0.6682046943,-0.0065119879
0.6683012459,-0.0065291574
0.6683977975,-0.0065467440
0.6684943491,-0.0065647498
0.6685909006,-0.0065831769
0.6686874522,-0.0066020272
0.6687840038,-0.0066213028
0.6688805554,-0.0066410057
0.6689771069,-0.0066611379
0.6690736585,-0.0066817015
0.6691702101,-0.0067026985
0.6692667617,-0.0067241309
0.6693633133,-0.0067460008
0.6694598648,-0.0067683101
0.6695564164,-0.0067910609
0.6696529680,-0.0068142553
0.6697495196,-0.0068378953
0.6698460712,-0.0068619828
0.6699426227,-0.0068865200
0.6700391743,-0.0069115088
0.6701357259,-0.0069369512
0.6702322775,-0.0069629973
0.6703288291,-0.0069905731
0.6704253806,-0.0070186829
0.6705219322,-0.0070473287
0.6706184838,-0.0070765127
0.6707150354,-0.0071062367
0.6708115870,-0.0071365030
0.6709081385,-0.0071673133
0.6710046901,-0.0071986699
0.6711012417,-0.0072305748
0.6711977933,-0.0072630298
0.6712943449,-0.0072960372
0.6713908965,-0.0073295989
0.6714874480,-0.0073637169
0.6715839996,-0.0073983933
0.6716805512,-0.0074336301
0.6717771028,-0.0074694293
0.6718736544,-0.0075057930
0.6719702060,-0.0075427231
0.6720667576,-0.0075802218
0.6721633091,-0.0076182910
0.6722598607,-0.0076569328
0.6723564123,-0.0076961492
0.6724529639,-0.0077359422
0.6725495155,-0.0077773546
0.6726460671,-0.0078213750
0.6727426187,-0.0078679239
0.6728391703,-0.0079169219
0.6729357218,-0.0079682897
0.6730322734,-0.0080219477
0.6731288250,-0.0080778165
0.6732253766,-0.0081358168
0.6733219282,-0.0081953216
0.6734184798,-0.0082562580
0.6735150314,-0.0083190229
0.6736115830,-0.0083835368
0.6737081346,-0.0084497205
0.6738046861,-0.0085174944
0.6739012377,-0.0085867791
0.6739977893,-0.0086574952
0.6740943409,-0.0087295634
0.6741908925,-0.0088029041
0.6742874441,-0.0088774380
0.6743839957,-0.0089530857
0.6744805473,-0.0090297677
0.6745770989,-0.0091074046
0.6746736505,-0.0091859171
0.6747702021,-0.0092652256
0.6748667537,-0.0093452508
0.6749633052,-0.0094259133
0.6750598568,-0.0095071336
0.6751564084,-0.0095888323
0.6752529600,-0.0096709300
0.6753495116,-0.0097533474
0.6754460632,-0.0098360049
0.6755426148,-0.0099188231
0.6756391664,-0.0100017227
0.6757357180,-0.0100846243
0.6758322696,-0.0101674483
0.6759288212,-0.0102501155
0.6760253728,-0.0103325463
0.6761219244,-0.0104146614
0.6762184760,-0.0104963813
0.6763150276,-0.0105776267
0.6764115792,-0.0106537042
0.6765081308,-0.0107284973
0.6766046824,-0.0108022719
0.6767012340,-0.0108749487
0.6767977856,-0.0109464482
0.6768943371,-0.0110166911
0.6769908887,-0.0110855979
0.6770874403,-0.0111530892
0.6771839919,-0.0112190855
0.6772805435,-0.0112835075
0.6773770951,-0.0113462757
0.6774736467,-0.0114073108
0.6775701983,-0.0114665333
0.6776667499,-0.0115238638
0.6777633015,-0.0115792228
0.6778598531,-0.0116325310
0.6779564047,-0.0116837090
0.6780529563,-0.0117326773
0.6781495079,-0.0117793565
0.6782460595,-0.0118236672
0.6783426111,-0.0118660062
0.6784391627,-0.0119065017
0.6785357143,-0.0119454779
0.6786322659,-0.0119830009
0.6787288175,-0.0120191095
0.6788253691,-0.0120538423
0.6789219207,-0.0120872379
0.6790184723,-0.0121193350
0.6791150239,-0.0121501723
0.6792115755,-0.0121797884
0.6793081271,-0.0122082220
0.6794046787,-0.0122355118
0.6795012303,-0.0122616964
0.6795977820,-0.0122868145
0.6796943336,-0.0123109048
0.6797908852,-0.0123340058
0.6798874368,-0.0123561564
0.6799839884,-0.0123773950
0.6800805400,-0.0123977605
0.6801770916,-0.0124172914
0.6802736432,-0.0124360265
0.6803701948,-0.0124540043
0.6804667464,-0.0124698691
0.6805632980,-0.0124847970
0.6806598496,-0.0124989451
0.6807564012,-0.0125123522
0.6808529528,-0.0125250568
0.6809495044,-0.0125370976
0.6810460560,-0.0125485133
0.6811426076,-0.0125593426
0.6812391592,-0.0125696241
0.6813357108,-0.0125793964
0.6814322624,-0.0125886983
0.6815288141,-0.0125975683
0.6816253657,-0.0126060453
0.6817219173,-0.0126141677
0.6818184689,-0.0126219743
0.6819150205,-0.0126295038
0.6820115721,-0.0126367948
0.6821081237,-0.0126438860
0.6822046753,-0.0126508160
0.6823012269,-0.0126576235
0.6823977785,-0.0126643471
0.6824943301,-0.0126710256
0.6825908817,-0.0126776976
0.6826874334,-0.0126840724
0.6827839850,-0.0126889996
0.6828805366,-0.0126938890
0.6829770882,-0.0126987794
0.6830736398,-0.0127037094
0.6831701914,-0.0127087176
0.6832667430,-0.0127138428
0.6833632946,-0.0127191235
0.6834598462,-0.0127245985
0.6835563978,-0.0127303065
0.6836529495,-0.0127362859
0.6837495011,-0.0127425756
0.6838460527,-0.0127492143
0.6839426043,-0.0127562404
0.6840391559,-0.0127636928
0.6841357075,-0.0127713503
0.6842322591,-0.0127789574
0.6843288107,-0.0127865013
0.6844253623,-0.0127939695
0.6845219140,-0.0128013490
0.6846184656,-0.0128086271
0.6847150172,-0.0128157912
0.6848115688,-0.0128228284
0.6849081204,-0.0128297259
0.6850046720,-0.0128353505
0.6851012236,-0.0128393241
0.6851977752,-0.0128429166
0.6852943269,-0.0128461151
0.6853908785,-0.0128489071
0.6854874301,-0.0128512796
0.6855839817,-0.0128532201
0.6856805333,-0.0128547156
0.6857770849,-0.0128557536
0.6858736365,-0.0128563211
0.6859701882,-0.0128564056
0.6860667398,-0.0128559942
0.6861632914,-0.0128550741
0.6862598430,-0.0128536327
0.6863563946,-0.0128516572
0.6864529462,-0.0128491349
0.6865494978,-0.0128460529
0.6866460495,-0.0128423986
0.6867426011,-0.0128381592
0.6868391527,-0.0128333219
0.6869357043,-0.0128278741
0.6870322559,-0.0128218029
0.6871288075,-0.0128150956
0.6872253592,-0.0128077394
0.6873219108,-0.0128045186
0.6874184624,-0.0128029133
0.6875150140,-0.0128011622
0.6876115656,-0.0127992528
0.6877081172,-0.0127971721
0.6878046689,-0.0127949074
0.6879012205,-0.0127924461
0.6879977721,-0.0127897753
0.6880943237,-0.0127868824
0.6881908753,-0.0127837545
0.6882874270,-0.0127803789
0.6883839786,-0.0127767429
0.6884805302,-0.0127728337
0.6885770818,-0.0127686385
0.6886736334,-0.0127641447
0.6887701850,-0.0127593395
0.6888667367,-0.0127542101
0.6889632883,-0.0127487438
0.6890598399,-0.0127429278
0.6891563915,-0.0127367494
0.6892529431,-0.0127301958
0.6893494948,-0.0127274362
0.6894460464,-0.0127322214
0.6895425980,-0.0127376435
0.6896391496,-0.0127436900
0.6897357012,-0.0127503479
0.6898322529,-0.0127576045
0.6899288045,-0.0127657149
0.6900253561,-0.0127749332
0.6901219077,-0.0127852454
0.6902184593,-0.0127966373
0.6903150110,-0.0128090951
0.6904115626,-0.0128226045
0.6905081142,-0.0128377046
0.6906046658,-0.0128559069
0.6907012175,-0.0128755059
0.6907977691,-0.0128964874
0.6908943207,-0.0129188375
0.6909908723,-0.0129425421
0.6910874239,-0.0129675871
0.6911839756,-0.0129939585
0.6912805272,-0.0130216423
0.6913770788,-0.0130506243
0.6914736304,-0.0130808906
0.6915701821,-0.0131124271
0.6916667337,-0.0131451758
0.6917632853,-0.0131787083
0.6918598369,-0.0132133935
0.6919563885,-0.0132492174
0.6920529402,-0.0132861659
0.6921494918,-0.0133242249
0.6922460434,-0.0133633804
0.6923425950,-0.0134036184
0.6924391467,-0.0134449247
0.6925356983,-0.0134872854
0.6926322499,-0.0135306864
0.6927288015,-0.0135751137
0.6928253532,-0.0136205532
0.6929219048,-0.0136662996
0.6930184564,-0.0137128937
0.6931150080,-0.0137603479
0.6932115597,-0.0138086482
0.6933081113,-0.0138577805
0.6934046629,-0.0139077307
0.6935012145,-0.0139584849
0.6935977662,-0.0140100290
0.6936943178,-0.0140623489
0.6937908694,-0.0141154306
0.6938874210,-0.0141692600
0.6939839727,-0.0142238231
0.6940805243,-0.0142782353
0.6941770759,-0.0143330194
0.6942736275,-0.0143883322
0.6943701792,-0.0144441596
0.6944667308,-0.0145004875
0.6945632824,-0.0145573020
0.6946598340,-0.0146145889
0.6947563857,-0.0146723342
0.6948529373,-0.0147305239
0.6949494889,-0.0147891438
0.6950460406,-0.0148481801
0.6951425922,-0.0149076185
0.6952391438,-0.0149674451
0.6953356954,-0.0150276459
0.6954322471,-0.0150882067
0.6955287987,-0.0151491135
0.6956253503,-0.0152103524
0.6957219019,-0.0152725286
0.6958184536,-0.0153362255
0.6959150052,-0.0154013959
0.6960115568,-0.0154679924
0.6961081085,-0.0155359678
0.6962046601,-0.0156052748
0.6963012117,-0.0156758660
0.6963977633,-0.0157468222
0.6964943150,-0.0158181669
0.6965908666,-0.0158905271
0.6966874182,-0.0159638557
0.6967839699,-0.0160381052
0.6968805215,-0.0161132285
0.6969770731,-0.0161891782
0.6970736247,-0.0162659070
0.6971701764,-0.0163433678
0.6972667280,-0.0164215131
0.6973632796,-0.0165002957
0.6974598313,-0.0165796683
0.6975563829,-0.0166595837
0.6976529345,-0.0167399945
0.6977494862,-0.0168208535
0.6978460378,-0.0169021134
0.6979425894,-0.0169837269
0.6980391410,-0.0170656467
0.6981356927,-0.0171478255
0.6982322443,-0.0172302161
0.6983287959,-0.0173127712
0.6984253476,-0.0173954434
0.6985218992,-0.0174770309
0.6986184508,-0.0175580460
0.6987150025,-0.0176388923
0.6988115541,-0.0177195224
0.6989081057,-0.0177998890
0.6990046574,-0.0178799449
0.6991012090,-0.0179596428
0.6991977606,-0.0180389354
0.6992943122,-0.0181177753
0.6993908639,-0.0181961155
0.6994874155,-0.0182739084
0.6995839671,-0.0183511070
0.6996805188,-0.0184276638
0.6997770704,-0.0185035316
0.6998736220,-0.0185786631
0.6999701737,-0.0186530111
0.7000667253,-0.0187265282
0.7001632769,-0.0187991671
0.7002598286,-0.0188708806
0.7003563802,-0.0189416215
0.7004529318,-0.0190113423
0.7005494835,-0.0190799959
0.7006460351,-0.0191456451
0.7007425867,-0.0192096612
0.7008391384,-0.0192722760
0.7009356900,-0.0193334423
0.7010322416,-0.0193931127
0.7011287933,-0.0194512399
0.7012253449,-0.0195077768
0.7013218965,-0.0195626760
0.7014184482,-0.0196158902
0.7015149998,-0.0196680403
0.7016115514,-0.0197197826
0.7017081031,-0.0197711232
0.7018046547,-0.0198220680
0.7019012063,-0.0198726231
0.7019977580,-0.0199227946
0.7020943096,-0.0199725885
0.7021908612,-0.0200220107
0.7022874129,-0.0200710674
0.7023839645,-0.0201197646
0.7024805161,-0.0201681082
0.7025770678,-0.0202161044
0.7026736194,-0.0202636897
0.7027701710,-0.0203077516
0.7028667227,-0.0203511995
0.7029632743,-0.0203940394
0.7030598260,-0.0204362773
0.7031563776,-0.0204779193
0.7032529292,-0.0205189714
0.7033494809,-0.0205594397
0.7034460325,-0.0205993301
0.7035425841,-0.0206386488
0.7036391358,-0.0206774016
0.7037356874,-0.0207155948
0.7038322390,-0.0207536733
0.7039287907,-0.0207915361
0.7040253423,-0.0208289701
0.7041218939,-0.0208659813
0.7042184456,-0.0209025757
0.7043149972,-0.0209387594
0.7044115489,-0.0209745384
0.7045081005,-0.0210099187
0.7046046521,-0.0210449063
0.7047012038,-0.0210795074
0.7047977554,-0.0211137278
0.7048943070,-0.0211472255
0.7049908587,-0.0211792863
0.7050874103,-0.0212107653
0.7051839619,-0.0212416686
0.7052805136,-0.0212720022
0.7053770652,-0.0213017721
0.7054736169,-0.0213309844
0.7055701685,-0.0213596450
0.7056667201,-0.0213877601
0.7057632718,-0.0214153356
0.7058598234,-0.0214423776
0.7059563750,-0.0214688921
0.7060529267,-0.0214943415
0.7061494783,-0.0215191200
0.7062460300,-0.0215432905
0.7063425816,-0.0215668589
0.7064391332,-0.0215898314
0.7065356849,-0.0216122138
0.7066322365,-0.0216340123
0.7067287881,-0.0216552330
0.7068253398,-0.0216758817
0.7069218914,-0.0216959646
0.7070184431,-0.0217154876
0.7071149947,-0.0217342120
0.7072115463,-0.0217521052
0.7073080980,-0.0217693781
0.7074046496,-0.0217860366
0.7075012013,-0.0218020866
0.7075977529,-0.0218175343
0.7076943045,-0.0218323857
0.7077908562,-0.0218466469
0.7078874078,-0.0218603237
0.7079839595,-0.0218734224
0.7080805111,-0.0218859488
0.7081770627,-0.0218978283
0.7082736144,-0.0219086293
0.7083701660,-0.0219187816
0.7084667176,-0.0219282913
0.7085632693,-0.0219371645
0.7086598209,-0.0219454070
0.7087563726,-0.0219530250
0.7088529242,-0.0219600245
0.7089494758,-0.0219664115
0.7090460275,-0.0219721921
0.7091425791,-0.0219773722
0.7092391308,-0.0219819580
0.7093356824,-0.0219855639
0.7094322340,-0.0219883577
0.7095287857,-0.0219904354
0.7096253373,-0.0219917926
0.7097218890,-0.0219924246
0.7098184406,-0.0219923267
0.7099149922,-0.0219914945
0.7100115439,-0.0219899233
0.7101080955,-0.0219876085
0.7102046472,-0.0219845455
0.7103011988,-0.0219807298
0.7103977505,-0.0219762443
0.7104943021,-0.0219711695
0.7105908537,-0.0219653899
0.7106874054,-0.0219589059
0.7107839570,-0.0219517175
0.7108805087,-0.0219438251
0.7109770603,-0.0219352289
0.7110736119,-0.0219259292
0.7111701636,-0.0219159262
0.7112667152,-0.0219052201
0.7113632669,-0.0218938111
0.7114598185,-0.0218816947
0.7115563701,-0.0218686476
0.7116529218,-0.0218548396
0.7117494734,-0.0218402664
0.7118460251,-0.0218249233
0.7119425767,-0.0218088059
0.7120391284,-0.0217919098
0.7121356800,-0.0217742304
0.7122322316,-0.0217557632
0.7123287833,-0.0217365038
0.7124253349,-0.0217164476
0.7125218866,-0.0216955901
0.7126184382,-0.0216740399
0.7127149898,-0.0216517776
0.7128115415,-0.0216287490
0.7129080931,-0.0216049531
0.7130046448,-0.0215803893
0.7131011964,-0.0215550567
0.7131977481,-0.0215289546
0.7132942997,-0.0215020822
0.7133908513,-0.0214744387
0.7134874030,-0.0214460234
0.7135839546,-0.0214168353
0.7136805063,-0.0213868859
0.7137770579,-0.0213562015
0.7138736096,-0.0213247546
0.7139701612,-0.0212925453
0.7140667128,-0.0212595737
0.7141632645,-0.0212258402
0.7142598161,-0.0211913449
0.7143563678,-0.0211560881
0.7144529194,-0.0211200698
0.7145494711,-0.0210832903
0.7146460227,-0.0210457499
0.7147425743,-0.0210074486
0.7148391260,-0.0209681173
0.7149356776,-0.0209279231
0.7150322293,-0.0208868865
0.7151287809,-0.0208450016
0.7152253326,-0.0208022622
0.7153218842,-0.0207586625
0.7154184359,-0.0207141964
0.7155149875,-0.0206688580
0.7156115391,-0.0206226412
0.7157080908,-0.0205755401
0.7158046424,-0.0205275487
0.7159011941,-0.0204784027
0.7159977457,-0.0204279979
0.7160942974,-0.0203765053
0.7161908490,-0.0203238954
0.7162874006,-0.0202701375
0.7163839523,-0.0202151995
0.7164805039,-0.0201590484
0.7165770556,-0.0201016496
0.7166736072,-0.0200429677
0.7167701589,-0.0199829656
0.7168667105,-0.0199216054
0.7169632622,-0.0198588600
0.7170598138,-0.0197947777
0.7171563654,-0.0197292780
0.7172529171,-0.0196623324
0.7173494687,-0.0195939121
0.7174460204,-0.0195239887
0.7175425720,-0.0194525333
0.7176391237,-0.0193795173
0.7177356753,-0.0193049122
0.7178322270,-0.0192286892
0.7179287786,-0.0191508197
0.7180253303,-0.0190712750
0.7181218819,-0.0189905541
0.7182184335,-0.0189084088
0.7183149852,-0.0188246903
0.7184115368,-0.0187393842
0.7185080885,-0.0186524761
0.7186046401,-0.0185639516
0.7187011918,-0.0184737965
0.7187977434,-0.0183819963
0.7188942951,-0.0182885367
0.7189908467,-0.0181934034
0.7190873984,-0.0180965818
0.7191839500,-0.0179982195
0.7192805016,-0.0178984572
0.7193770533,-0.0177970772
0.7194736049,-0.0176940741
0.7195701566,-0.0175894424
0.7196667082,-0.0174831767
0.7197632599,-0.0173752715
0.7198598115,-0.0172657212
0.7199563632,-0.0171545205
0.7200529148,-0.0170416639
0.7201494665,-0.0169271458
0.7202460181,-0.0168109769
0.7203425698,-0.0166938347
0.7204391214,-0.0165751946
0.7205356730,-0.0164550656
0.7206322247,-0.0163334568
0.7207287763,-0.0162103771
0.7208253280,-0.0160858357
0.7209218796,-0.0159598416
0.7210184313,-0.0158324038
0.7211149829,-0.0157035314
0.7212115346,-0.0155732333
0.7213080862,-0.0154415187
0.7214046379,-0.0153084638
0.7215011895,-0.0151740688
0.7215977412,-0.0150383130
0.7216942928,-0.0149012078
0.7217908445,-0.0147627643
0.7218873961,-0.0146229939
0.7219839477,-0.0144819077
0.7220804994,-0.0143396208
0.7221770510,-0.0141969188
0.7222736027,-0.0140532660
0.7223701543,-0.0139087067
0.7224667060,-0.0137632857
0.7225632576,-0.0136170476
0.7226598093,-0.0134700368
0.7227563609,-0.0133222979
0.7228529126,-0.0131734526
0.7229494642,-0.0130234752
0.7230460159,-0.0128726030
0.7231425675,-0.0127208477
0.7232391192,-0.0125682208
0.7233356708,-0.0124147342
0.7234322225,-0.0122603993
0.7235287741,-0.0121052712
0.7236253258,-0.0119499066
0.7237218774,-0.0117939605
0.7238184290,-0.0116374715
0.7239149807,-0.0114804780
0.7240115323,-0.0113230188
0.7241080840,-0.0111651324
0.7242046356,-0.0110068572
0.7243011873,-0.0108481984
0.7243977389,-0.0106891835
0.7244942906,-0.0105298697
0.7245908422,-0.0103702928
0.7246873939,-0.0102104885
0.7247839455,-0.0100504926
0.7248804972,-0.0098903407
0.7249770488,-0.0097300715
0.7250736005,-0.0095698028
0.7251701521,-0.0094095179
0.7252667038,-0.0092492563
0.7253632554,-0.0090890576
0.7254598071,-0.0089289612
0.7255563587,-0.0087690068
0.7256529104,-0.0086092337
0.7257494620,-0.0084498076
0.7258460137,-0.0082907292
0.7259425653,-0.0081318825
0.7260391170,-0.0079732735
0.7261356686,-0.0078149082
0.7262322203,-0.0076567927
0.7263287719,-0.0074989329
0.7264253236,-0.0073413349
0.7265218752,-0.0071851887
0.7266184268,-0.0070296024
0.7267149785,-0.0068745758
0.7268115301,-0.0067201147
0.7269080818,-0.0065662254
0.7270046334,-0.0064129138
0.7271011851,-0.0062601859
0.7271977367,-0.0061085777
0.7272942884,-0.0059583659
0.7273908400,-0.0058090371
0.7274873917,-0.0056605973
0.7275839433,-0.0055130525
0.7276804950,-0.0053664087
0.7277770466,-0.0052206721
0.7278735983,-0.0050758485
0.7279701499,-0.0049319441
0.7280667016,-0.0047889649
0.7281632532,-0.0046469169
0.7282598049,-0.0045058061
0.7283563565,-0.0043656387
0.7284529082,-0.0042264205
0.7285494598,-0.0040881576
0.7286460115,-0.0039520638
0.7287425631,-0.0038188200
0.7288391148,-0.0036869154
0.7289356664,-0.0035563559
0.7290322181,-0.0034271477
0.7291287697,-0.0032992967
0.7292253214,-0.0031728091
0.7293218730,-0.0030476908
0.7294184247,-0.0029239478
0.7295149763,-0.0028015862
0.7296115280,-0.0026806121
0.7297080796,-0.0025610313
0.7298046313,-0.0024428501
0.7299011829,-0.0023260744
0.7299977346,-0.0022107102
0.7300942862,-0.0020977498
0.7301908379,-0.0019880390
0.7302873895,-0.0018800926
0.7303839412,-0.0017739164
0.7304804928,-0.0016697929
0.7305770445,-0.0015679967
0.7306735961,-0.0014685219
0.7307701478,-0.0013713625
0.7308666994,-0.0012765126
0.7309632511,-0.0011839662
0.7310598027,-0.0010937176
0.7311563544,-0.0010057607
0.7312529060,-0.0009200896
0.7313494577,-0.0008366984
0.7314460093,-0.0007555812
0.7315425610,-0.0006770424
0.7316391126,-0.0006014554
0.7317356643,-0.0005282443
0.7318322159,-0.0004574031
0.7319287676,-0.0003889259
0.7320253192,-0.0003228067
0.7321218709,-0.0002590398
0.7322184225,-0.0001976191
0.7323149742,-0.0001385388
0.7324115258,-0.0000817928
0.7325080775,-0.0000273754
0.7326046291,0.0000247195
0.7327011808,0.0000744977
0.7327977324,0.0001219651
0.7328942841,0.0001671278
0.7329908357,0.0002102426
0.7330873874,0.0002517830
0.7331839391,0.0002912169
0.7332804907,0.0003285613
0.7333770424,0.0003638332
0.7334735940,0.0003970495
0.7335701457,0.0004282271
0.7336666973,0.0004573832
0.7337632490,0.0004845346
0.7338598006,0.0005096983
0.7339563523,0.0005328913
0.7340529039,0.0005541305
0.7341494556,0.0005734330
0.7342460072,0.0005908157
0.7343425589,0.0006062956
0.7344391105,0.0006197600
0.7345356622,0.0006308960
0.7346322138,0.0006400699
0.7347287655,0.0006472918
0.7348253171,0.0006525719
0.7349218688,0.0006559204
0.7350184204,0.0006573475
0.7351149721,0.0006568634
0.7352115237,0.0006544784
0.7353080754,0.0006502025
0.7354046270,0.0006440461
0.7355011787,0.0006360193
0.7355977303,0.0006261324
0.7356942820,0.0006143955
0.7357908336,0.0006008188
0.7358873853,0.0005858431
0.7359839369,0.0005709964
0.7360804886,0.0005547884
0.7361770402,0.0005372567
0.7362735919,0.0005184393
0.7363701436,0.0004983738
0.7364666952,0.0004770980
0.7365632469,0.0004546496
0.7366597985,0.0004310665
0.7367563502,0.0004063864
0.7368529018,0.0003806471
0.7369494535,0.0003538863
0.7370460051,0.0003261418
0.7371425568,0.0002974513
0.7372391084,0.0002678527
0.7373356601,0.0002372188
0.7374322117,0.0002047531
0.7375287634,0.0001712721
0.7376253150,0.0001368001
0.7377218667,0.0001013612
0.7378184183,0.0000649797
0.7379149700,0.0000276796
0.7380115216,-0.0000105149
0.7381080733,-0.0000495796
0.7382046249,-0.0000894904
0.7383011766,-0.0001302230
0.7383977282,-0.0001717533
0.7384942799,-0.0002140571
0.7385908316,-0.0002571103
0.7386873832,-0.0003008888
0.7387839349,-0.0003452931
0.7388804865,-0.0003897115
0.7389770382,-0.0004346422
0.7390735898,-0.0004800524
0.7391701415,-0.0005259091
0.7392666931,-0.0005721795
0.7393632448,-0.0006188307
0.7394597964,-0.0006658300
0.7395563481,-0.0007131444
0.7396528997,-0.0007607411
0.7397494514,-0.0008085871
0.7398460030,-0.0008566498
0.7399425547,-0.0009048962
0.7400391063,-0.0009532934
0.7401356580,-0.0010018086
0.7402322096,-0.0010504657
0.7403287613,-0.0011000356
0.7404253130,-0.0011498005
0.7405218646,-0.0011997384
0.7406184163,-0.0012498274
0.7407149679,-0.0013000454
0.7408115196,-0.0013503705
0.7409080712,-0.0014007807
0.7410046229,-0.0014512541
0.7411011745,-0.0015017688
0.7411977262,-0.0015523027
0.7412942778,-0.0016028338
0.7413908295,-0.0016533403
0.7414873811,-0.0017038002
0.7415839328,-0.0017541914
0.7416804844,-0.0018044889
0.7417770361,-0.0018545772
0.7418735877,-0.0019046098
0.7419701394,-0.0019545809
0.7420666911,-0.0020044846
0.7421632427,-0.0020543149
0.7422597944,-0.0021040659
0.7423563460,-0.0021537316
0.7424528977,-0.0022033063
0.7425494493,-0.0022527839
0.7426460010,-0.0023021585
0.7427425526,-0.0023514243
0.7428391043,-0.0024005752
0.7429356559,-0.0024496054
0.7430322076,-0.0024985089
0.7431287592,-0.0025472799
0.7432253109,-0.0025951863
0.7433218625,-0.0026428412
0.7434184142,-0.0026902532
0.7435149659,-0.0027374164
0.7436115175,-0.0027843249
0.7437080692,-0.0028309727
0.7438046208,-0.0028773539
0.7439011725,-0.0029234627
0.7439977241,-0.0029692930
0.7440942758,-0.0030148391
0.7441908274,-0.0030600948
0.7442873791,-0.0031050545
0.7443839307,-0.0031497120
0.7444804824,-0.0031939430
0.7445770340,-0.0032376807
0.7446735857,-0.0032810598
0.7447701374,-0.0033240746
0.7448666890,-0.0033667190
0.7449632407,-0.0034089871
0.7450597923,-0.0034508731
0.7451563440,-0.0034923710
0.7452528956,-0.0035334749
0.7453494473,-0.0035741789
0.7454459989,-0.0036144770
0.7455425506,-0.0036543633
0.7456391022,-0.0036938320
0.7457356539,-0.0037328771
0.7458322055,-0.0037713697
0.7459287572,-0.0038093951
0.7460253089,-0.0038469601
0.7461218605,-0.0038840589
0.7462184122,-0.0039206856
0.7463149638,-0.0039568342
0.7464115155,-0.0039924989
0.7465080671,-0.0040276736
0.7466046188,-0.0040623525
0.7467011704,-0.0040965297
0.7467977221,-0.0041301992
0.7468942737,-0.0041633551
0.7469908254,-0.0041959915
0.7470873771,-0.0042281025
0.7471839287,-0.0042596822
0.7472804804,-0.0042907246
0.7473770320,-0.0043212238
0.7474735837,-0.0043511740
0.7475701353,-0.0043805691
0.7476666870,-0.0044094033
0.7477632386,-0.0044376706
0.7478597903,-0.0044653652
0.7479563419,-0.0044924811
0.7480528936,-0.0045190123
0.7481494452,-0.0045449531
0.7482459969,-0.0045702974
0.7483425486,-0.0045950393
0.7484391002,-0.0046195498
0.7485356519,-0.0046435600
0.7486322035,-0.0046669832
0.7487287552,-0.0046898134
0.7488253068,-0.0047120446
0.7489218585,-0.0047336710
0.7490184101,-0.0047546866
0.7491149618,-0.0047750855
0.7492115134,-0.0047948618
0.7493080651,-0.0048140096
0.7494046168,-0.0048325230
0.7495011684,-0.0048503959
0.7495977201,-0.0048676226
0.7496942717,-0.0048841971
0.7497908234,-0.0049001135
0.7498873750,-0.0049153658
0.7499839267,-0.0049299482
0.7500804783,-0.0049438546
0.7501770300,-0.0049570793
0.7502735816,-0.0049696163
0.7503701333,-0.0049814596
0.7504666850,-0.0049926034
0.7505632366,-0.0050030417
0.7506597883,-0.0050127685
0.7507563399,-0.0050217781
0.7508528916,-0.0050300645
0.7509494432,-0.0050376216
0.7510459949,-0.0050450890
0.7511425465,-0.0050521000
0.7512390982,-0.0050584270
0.7513356499,-0.0050640641
0.7514322015,-0.0050690054
0.7515287532,-0.0050732450
0.7516253048,-0.0050767768
0.7517218565,-0.0050795951
0.7518184081,-0.0050816939
0.7519149598,-0.0050830673
0.7520115114,-0.0050837093
0.7521080631,-0.0050836141
0.7522046147,-0.0050827757
0.7523011664,-0.0050811882
0.7523977181,-0.0050788457
0.7524942697,-0.0050757422
0.7525908214,-0.0050718719
0.7526873730,-0.0050672288
0.7527839247,-0.0050618070
0.7528804763,-0.0050556006
0.7529770280,-0.0050486037
0.7530735796,-0.0050408103
0.7531701313,-0.0050322145
0.7532666830,-0.0050228105
0.7533632346,-0.0050131740
0.7534597863,-0.0050038188
0.7535563379,-0.0049937666
0.7536528896,-0.0049830114
0.7537494412,-0.0049715473
0.7538459929,-0.0049593683
0.7539425445,-0.0049464686
0.7540390962,-0.0049328423
0.7541356478,-0.0049184833
0.7542321995,-0.0049033858
0.7543287512,-0.0048875439
0.7544253028,-0.0048709517
0.7545218545,-0.0048536032
0.7546184061,-0.0048354925
0.7547149578,-0.0048166137
0.7548115094,-0.0047969609
0.7549080611,-0.0047765281
0.7550046127,-0.0047553095
0.7551011644,-0.0047332990
0.7551977161,-0.0047104909
0.7552942677,-0.0046868792
0.7553908194,-0.0046624579
0.7554873710,-0.0046372212
0.7555839227,-0.0046111630
0.7556804743,-0.0045842776
0.7557770260,-0.0045570698
0.7558735776,-0.0045290674
0.7559701293,-0.0045002604
0.7560666810,-0.0044706431
0.7561632326,-0.0044402095
0.7562597843,-0.0044089537
0.7563563359,-0.0043768697
0.7564528876,-0.0043439517
0.7565494392,-0.0043101937
0.7566459909,-0.0042755899
0.7567425425,-0.0042401342
0.7568390942,-0.0042038208
0.7569356459,-0.0041666437
0.7570321975,-0.0041285970
0.7571287492,-0.0040896749
0.7572253008,-0.0040498713
0.7573218525,-0.0040091805
0.7574184041,-0.0039675963
0.7575149558,-0.0039251131
0.7576115074,-0.0038817247
0.7577080591,-0.0038369708
0.7578046108,-0.0037888498
0.7579011624,-0.0037405699
0.7579977141,-0.0036921252
0.7580942657,-0.0036435098
0.7581908174,-0.0035947177
0.7582873690,-0.0035457430
0.7583839207,-0.0034965798
0.7584804723,-0.0034472222
0.7585770240,-0.0033976643
0.7586735757,-0.0033479001
0.7587701273,-0.0032979238
0.7588666790,-0.0032477294
0.7589632306,-0.0031973109
0.7590597823,-0.0031466626
0.7591563339,-0.0030957784
0.7592528856,-0.0030446524
0.7593494373,-0.0029886196
0.7594459889,-0.0029282214
0.7595425406,-0.0028686650
0.7596390922,-0.0028099467
0.7597356439,-0.0027520628
0.7598321955,-0.0026950093
0.7599287472,-0.0026387826
0.7600252988,-0.0025833789
0.7601218505,-0.0025287943
0.7602184022,-0.0024750251
0.7603149538,-0.0024220676
0.7604115055,-0.0023699178
0.7605080571,-0.0023185720
0.7606046088,-0.0022680265
0.7607011604,-0.0022182774
0.7607977121,-0.0021693210
0.7608942637,-0.0021211535
0.7609908154,-0.0020669824
0.7610873671,-0.0020125203
0.7611839187,-0.0019588357
0.7612804704,-0.0019059248
0.7613770220,-0.0018537839
0.7614735737,-0.0018024091
0.7615701253,-0.0017517967
0.7616666770,-0.0017019429
0.7617632287,-0.0016528440
0.7618597803,-0.0016044960
0.7619563320,-0.0015568952
0.7620528836,-0.0015100379
0.7621494353,-0.0014639203
0.7622459869,-0.0014185385
0.7623425386,-0.0013738888
0.7624390902,-0.0013299675
0.7625356419,-0.0012852361
0.7626321936,-0.0012360097
0.7627287452,-0.0011875003
0.7628252969,-0.0011397039
0.7629218485,-0.0010926170
0.7630184002,-0.0010462356
0.7631149518,-0.0010005561
0.7632115035,-0.0009555745
0.7633080552,-0.0009112872
0.7634046068,-0.0008676903
0.7635011585,-0.0008247801
0.7635977101,-0.0007825527
0.7636942618,-0.0007410044
0.7637908134,-0.0007001314
0.7638873651,-0.0006599299
0.7639839167,-0.0006203962
0.7640804684,-0.0005815263
0.7641770201,-0.0005398288
0.7642735717,-0.0004963745
0.7643701234,-0.0004535727
0.7644666750,-0.0004114197
0.7645632267,-0.0003699118
0.7646597783,-0.0003290450
0.7647563300,-0.0002888157
0.7648528817,-0.0002492200
0.7649494333,-0.0002102542
0.7650459850,-0.0001719145
0.7651425366,-0.0001341970
0.7652390883,-0.0000970981
0.7653356399,-0.0000606138
0.7654321916,-0.0000247405
0.7655287433,0.0000105256
0.7656252949,0.0000451885
0.7657218466,0.0000792517
0.7658183982,0.0001153193
0.7659149499,0.0001512207
0.7660115015,0.0001868435
0.7661080532,0.0002221915
0.7662046048,0.0002572685
0.7663011565,0.0002920782
0.7663977082,0.0003266245
0.7664942598,0.0003609112
0.7665908115,0.0003949420
0.7666873631,0.0004287207
0.7667839148,0.0004622511
0.7668804664,0.0004955370
0.7669770181,0.0005285821
0.7670735698,0.0005613904
0.7671701214,0.0005939654
0.7672666731,0.0006263111
0.7673632247,0.0006583036
0.7674597764,0.0006897699
0.7675563280,0.0007209710
0.7676528797,0.0007519106
0.7677494314,0.0007825924
0.7678459830,0.0008130203
0.7679425347,0.0008431981
0.7680390863,0.0008731295
0.7681356380,0.0009028184
0.7682321896,0.0009322684
0.7683287413,0.0009614835
0.7684252930,0.0009904673
0.7685218446,0.0010192238
0.7686183963,0.0010477565
0.7687149479,0.0010760695
0.7688114996,0.0011041663
0.7689080512,0.0011320509
0.7690046029,0.0011593136
0.7691011546,0.0011861203
0.7691977062,0.0012126560
0.7692942579,0.0012389246
0.7693908095,0.0012649299
0.7694873612,0.0012906757
0.7695839128,0.0013161657
0.7696804645,0.0013414037
0.7697770161,0.0013663936
0.7698735678,0.0013911391
0.7699701195,0.0014156440
0.7700666711,0.0014399120
0.7701632228,0.0014639471
0.7702597744,0.0014877529
0.7703563261,0.0015113332
0.7704528777,0.0015346918
0.7705494294,0.0015578089
0.7706459811,0.0015801878
0.7707425327,0.0016022946
0.7708390844,0.0016241330
0.7709356360,0.0016457069
0.7710321877,0.0016670201
0.7711287393,0.0016880763
0.7712252910,0.0017088793
0.7713218427,0.0017294329
0.7714183943,0.0017497410
0.7715149460,0.0017698071
0.7716114976,0.0017896353
0.7717080493,0.0018092292
0.7718046009,0.0018285926
0.7719011526,0.0018477294
0.7719977043,0.0018666433
0.7720942559,0.0018853381
0.7721908076,0.0019036609
0.7722873592,0.0019214979
0.7723839109,0.0019390551
0.7724804625,0.0019563322
0.7725770142,0.0019733291
0.7726735659,0.0019900455
0.7727701175,0.0020064812
0.7728666692,0.0020226360
0.7729632208,0.0020385097
0.7730597725,0.0020541021
0.7731563241,0.0020694130
0.7732528758,0.0020844422
0.7733494275,0.0020991894
0.7734459791,0.0021136544
0.7735425308,0.0021278372
0.7736390824,0.0021417373
0.7737356341,0.0021553547
0.7738321857,0.0021688371
0.7739287374,0.0021821097
0.7740252891,0.0021951346
0.7741218407,0.0022079135
0.7742183924,0.0022204481
0.7743149440,0.0022327401
0.7744114957,0.0022447913
0.7745080473,0.0022566035
0.7746045990,0.0022681782
0.7747011507,0.0022795174
0.7747977023,0.0022906226
0.7748942540,0.0023014956
0.7749908056,0.0023121382
0.7750873573,0.0023225521
0.7751839089,0.0023327389
0.7752804606,0.0023427005
0.7753770123,0.0023524159
0.7754735639,0.0023617495
0.7755701156,0.0023708314
0.7756666672,0.0023796618
0.7757632189,0.0023882405
0.7758597705,0.0023965675
0.7759563222,0.0024046427
0.7760528739,0.0024124662
0.7761494255,0.0024200378
0.7762459772,0.0024273575
0.7763425288,0.0024344254
0.7764390805,0.0024412412
0.7765356321,0.0024478050
0.7766321838,0.0024541168
0.7767287355,0.0024601765
0.7768252871,0.0024659840
0.7769218388,0.0024715393
0.7770183904,0.0024768993
0.7771149421,0.0024820790
0.7772114937,0.0024870278
0.7773080454,0.0024917467
0.7774045971,0.0024962370
0.7775011487,0.0025004996
0.7775977004,0.0025045359
0.7776942520,0.0025083469
0.7777908037,0.0025119337
0.7778873554,0.0025152974
0.7779839070,0.0025184393
0.7780804587,0.0025213605
0.7781770103,0.0025240620
0.7782735620,0.0025265450
0.7783701136,0.0025288107
0.7784666653,0.0025308601
0.7785632170,0.0025326945
0.7786597686,0.0025343735
0.7787563203,0.0025358599
0.7788528719,0.0025371472
0.7789494236,0.0025382373
0.7790459752,0.0025391318
0.7791425269,0.0025398327
0.7792390786,0.0025403418
0.7793356302,0.0025406608
0.7794321819,0.0025407916
0.7795287335,0.0025407360
0.7796252852,0.0025404958
0.7797218368,0.0025400728
0.7798183885,0.0025394689
0.7799149402,0.0025386858
0.7800114918,0.0025377253
0.7801080435,0.0025365894
0.7802045951,0.0025352797
0.7803011468,0.0025337982
0.7803976984,0.0025321465
0.7804942501,0.0025303266
0.7805908018,0.0025283402
0.7806873534,0.0025261892
0.7807839051,0.0025238754
0.7808804567,0.0025214006
0.7809770084,0.0025187666
0.7810735600,0.0025159751
0.7811701117,0.0025130281
0.7812666634,0.0025099274
0.7813632150,0.0025066747
0.7814597667,0.0025032719
0.7815563183,0.0024997208
0.7816528700,0.0024960231
0.7817494217,0.0024921808
0.7818459733,0.0024883592
0.7819425250,0.0024845310
0.7820390766,0.0024805921
0.7821356283,0.0024765450
0.7822321799,0.0024723927
0.7823287316,0.0024681380
0.7824252833,0.0024637835
0.7825218349,0.0024593321
0.7826183866,0.0024547865
0.7827149382,0.0024501496
0.7828114899,0.0024454241
0.7829080415,0.0024406128
0.7830045932,0.0024357185
0.7831011449,0.0024307440
0.7831976965,0.0024256921
0.7832942482,0.0024205654
0.7833907998,0.0024153669
0.7834873515,0.0024100993
0.7835839031,0.0024047654
0.7836804548,0.0023993680
0.7837770065,0.0023939098
0.7838735581,0.0023883937
0.7839701098,0.0023828224
0.7840666614,0.0023771986
0.7841632131,0.0023715253
0.7842597648,0.0023658051
0.7843563164,0.0023600409
0.7844528681,0.0023542354
0.7845494197,0.0023483914
0.7846459714,0.0023425117
0.7847425230,0.0023365991
0.7848390747,0.0023306564
0.7849356264,0.0023246863
0.7850321780,0.0023188456
0.7851287297,0.0023133396
0.7852252813,0.0023078591
0.7853218330,0.0023024081
0.7854183846,0.0022969908
0.7855149363,0.0022916112
0.7856114880,0.0022862734
0.7857080396,0.0022809815
0.7858045913,0.0022757394
0.7859011429,0.0022705514
0.7859976946,0.0022654215
0.7860942462,0.0022603536
0.7861907979,0.0022553520
0.7862873496,0.0022504206
0.7863839012,0.0022455636
0.7864804529,0.0022407850
0.7865770045,0.0022360889
0.7866735562,0.0022314793
0.7867701079,0.0022269604
0.7868666595,0.0022225361
0.7869632112,0.0022182106
0.7870597628,0.0022139879
0.7871563145,0.0022098721
0.7872528661,0.0022058673
0.7873494178,0.0022019775
0.7874459695,0.0021982069
0.7875425211,0.0021945594
0.7876390728,0.0021910391
0.7877356244,0.0021876502
0.7878321761,0.0021843966
0.7879287277,0.0021812825
0.7880252794,0.0021783120
0.7881218311,0.0021754890
0.7882183827,0.0021728471
0.7883149344,0.0021709878
0.7884114860,0.0021692865
0.7885080377,0.0021676805
0.7886045894,0.0021661632
0.7887011410,0.0021647278
0.7887976927,0.0021633675
0.7888942443,0.0021620756
0.7889907960,0.0021608453
0.7890873476,0.0021596700
0.7891838993,0.0021585427
0.7892804510,0.0021574568
0.7893770026,0.0021564056
0.7894735543,0.0021553822
0.7895701059,0.0021543800
0.7896666576,0.0021533921
0.7897632092,0.0021524118
0.7898597609,0.0021514324
0.7899563126,0.0021504471
0.7900528642,0.0021494492
0.7901494159,0.0021484318
0.7902459675,0.0021473883
0.7903425192,0.0021463119
0.7904390709,0.0021451959
0.7905356225,0.0021440335
0.7906321742,0.0021428178
0.7907287258,0.0021415423
0.7908252775,0.0021402001
0.7909218291,0.0021387845
0.7910183808,0.0021372887
0.7911149325,0.0021357060
0.7912114841,0.0021340297
0.7913080358,0.0021322529
0.7914045874,0.0021303689
0.7915011391,0.0021289158
0.7915976908,0.0021275565
0.7916942424,0.0021261342
0.7917907941,0.0021246442
0.7918873457,0.0021230815
0.7919838974,0.0021214411
0.7920804490,0.0021197181
0.7921770007,0.0021179078
0.7922735524,0.0021160050
0.7923701040,0.0021140050
0.7924666557,0.0021119028
0.7925632073,0.0021096936
0.7926597590,0.0021073723
0.7927563106,0.0021049341
0.7928528623,0.0021023740
0.7929494140,0.0020996872
0.7930459656,0.0020968688
0.7931425173,0.0020939138
0.7932390689,0.0020908174
0.7933356206,0.0020875745
0.7934321723,0.0020841804
0.7935287239,0.0020806301
0.7936252756,0.0020769186
0.7937218272,0.0020730411
0.7938183789,0.0020689927
0.7939149305,0.0020647685
0.7940114822,0.0020603634
0.7941080339,0.0020557727
0.7942045855,0.0020509915
0.7943011372,0.0020460147
0.7943976888,0.0020408375
0.7944942405,0.0020354550
0.7945907922,0.0020298623
0.7946873438,0.0020243457
0.7947838955,0.0020189372
0.7948804471,0.0020133572
0.7949769988,0.0020076024
0.7950735504,0.0020016693
0.7951701021,0.0019955546
0.7952666538,0.0019892549
0.7953632054,0.0019827668
0.7954597571,0.0019760870
0.7955563087,0.0019692120
0.7956528604,0.0019621386
0.7957494120,0.0019548633
0.7958459637,0.0019473828
0.7959425154,0.0019396937
0.7960390670,0.0019317926
0.7961356187,0.0019236762
0.7962321703,0.0019153410
0.7963287220,0.0019067837
0.7964252737,0.0018980009
0.7965218253,0.0018889893
0.7966183770,0.0018797455
0.7967149286,0.0018702661
0.7968114803,0.0018605477
0.7969080319,0.0018505869
0.7970045836,0.0018403804
0.7971011353,0.0018299249
0.7971976869,0.0018192169
0.7972942386,0.0018082530
0.7973907902,0.0017970299
0.7974873419,0.0017855443
0.7975838936,0.0017737927
0.7976804452,0.0017617717
0.7977769969,0.0017494781
0.7978735485,0.0017370018
0.7979701002,0.0017245828
0.7980666518,0.0017119187
0.7981632035,0.0016990072
0.7982597552,0.0016858460
0.7983563068,0.0016724329
0.7984528585,0.0016587655
0.7985494101,0.0016448416
0.7986459618,0.0016306588
0.7987425135,0.0016162150
0.7988390651,0.0016015079
0.7989356168,0.0015865351
0.7990321684,0.0015712943
0.7991287201,0.0015557834
0.7992252717,0.0015400000
0.7993218234,0.0015239418
0.7994183751,0.0015076065
0.7995149267,0.0014909920
0.7996114784,0.0014740958
0.7997080300,0.0014569157
0.7998045817,0.0014394495
0.7999011334,0.0014216948
0.7999976850,0.0014041132
0.8000942367,0.0013871611
0.8001907883,0.0013708284
0.8002873400,0.0013551053
0.8003838916,0.0013399816
0.8004804433,0.0013254475
0.8005769950,0.0013114929
0.8006735466,0.0012981078
0.8007700983,0.0012852823
0.8008666499,0.0012730064
0.8009632016,0.0012612700
0.8010597533,0.0012500633
0.8011563049,0.0012396086
0.8012528566,0.0012296952
0.8013494082,0.0012203036
0.8014459599,0.0012114246
0.8015425115,0.0012030486
0.8016390632,0.0011951665
0.8017356149,0.0011877687
0.8018321665,0.0011808461
0.8019287182,0.0011743891
0.8020252698,0.0011683885
0.8021218215,0.0011628349
0.8022183732,0.0011577189
0.8023149248,0.0011530312
0.8024114765,0.0011487624
0.8025080281,0.0011449032
0.8026045798,0.0011414442
0.8027011314,0.0011383760
0.8027976831,0.0011356893
0.8028942348,0.0011333748
0.8029907864,0.0011314230
0.8030873381,0.0011298247
0.8031838897,0.0011285704
0.8032804414,0.0011276508
0.8033769931,0.0011270566
0.8034735447,0.0011267783
0.8035700964,0.0011268067
0.8036666480,0.0011271324
0.8037631997,0.0011277459
0.8038597513,0.0011286381
0.8039563030,0.0011297994
0.8040528547,0.0011312206
0.8041494063,0.0011328922
0.8042459580,0.0011348050
0.8043425096,0.0011370110
0.8044390613,0.0011394744
0.8045356130,0.0011421592
0.8046321646,0.0011450561
0.8047287163,0.0011481561
0.8048252679,0.0011514500
0.8049218196,0.0011549287
0.8050183712,0.0011585831
0.8051149229,0.0011624041
0.8052114746,0.0011663825
0.8053080262,0.0011705093
0.8054045779,0.0011747752
0.8055011295,0.0011791713
0.8055976812,0.0011836883
0.8056942329,0.0011883171
0.8057907845,0.0011930486
0.8058873362,0.0011978738
0.8059838878,0.0012027834
0.8060804395,0.0012077684
0.8061769911,0.0012128195
0.8062735428,0.0012179279
0.8063700945,0.0012230841
0.8064666461,0.0012282793
0.8065631978,0.0012335042
0.8066597494,0.0012387497
0.8067563011,0.0012440067
0.8068528528,0.0012492661
0.8069494044,0.0012545188
0.8070459561,0.0012597556
0.8071425077,0.0012649674
0.8072390594,0.0012701450
0.8073356110,0.0012752795
0.8074321627,0.0012803616
0.8075287144,0.0012854051
0.8076252660,0.0012904151
0.8077218177,0.0012953518
0.8078183693,0.0013002064
0.8079149210,0.0013049701
0.8080114727,0.0013096340
0.8081080243,0.0013141894
0.8082045760,0.0013186274
0.8083011276,0.0013229394
0.8083976793,0.0013271165
0.8084942309,0.0013311499
0.8085907826,0.0013350308
0.8086873343,0.0013387506
0.8087838859,0.0013423004
0.8088804376,0.0013456715
0.8089769892,0.0013488552
0.8090735409,0.0013518427
0.8091700926,0.0013546253
0.8092666442,0.0013571942
0.8093631959,0.0013595407
0.8094597475,0.0013616562
0.8095562992,0.0013635319
0.8096528508,0.0013651591
0.8097494025,0.0013665290
0.8098459542,0.0013676331
0.8099425058,0.0013684627
0.8100390575,0.0013690089
0.8101356091,0.0013692633
0.8102321608,0.0013692171
0.8103287125,0.0013688616
0.8104252641,0.0013681881
0.8105218158,0.0013671882
0.8106183674,0.0013658530
0.8107149191,0.0013641730
0.8108114707,0.0013621344
0.8109080224,0.0013597338
0.8110045741,0.0013569627
0.8111011257,0.0013538124
0.8111976774,0.0013502743
0.8112942290,0.0013463397
0.8113907807,0.0013420000
0.8114873324,0.0013372465
0.8115838840,0.0013324155
0.8116804357,0.0013278467
0.8117769873,0.0013235367
0.8118735390,0.0013194820
0.8119700907,0.0013156794
0.8120666423,0.0013121255
0.8121631940,0.0013088168
0.8122597456,0.0013057499
0.8123562973,0.0013029216
0.8124528489,0.0013003285
0.8125494006,0.0012979671
0.8126459523,0.0012958342
0.8127425039,0.0012939264
0.8128390556,0.0012922404
0.8129356072,0.0012907728
0.8130321589,0.0012895202
0.8131287106,0.0012884795
0.8132252622,0.0012876472
0.8133218139,0.0012870200
0.8134183655,0.0012865947
0.8135149172,0.0012863679
0.8136114688,0.0012863363
0.8137080205,0.0012864966
0.8138045722,0.0012868456
0.8139011238,0.0012873799
0.8139976755,0.0012881903
0.8140942271,0.0012892052
0.8141907788,0.0012904081
0.8142873305,0.0012917963
0.8143838821,0.0012933672
0.8144804338,0.0012951181
0.8145769854,0.0012970464
0.8146735371,0.0012991496
0.8147700887,0.0013014249
0.8148666404,0.0013038698
0.8149631921,0.0013064819
0.8150597437,0.0013092584
0.8151562954,0.0013121969
0.8152528470,0.0013152950
0.8153493987,0.0013185500
0.8154459504,0.0013219595
0.8155425020,0.0013255210
0.8156390537,0.0013292322
0.8157356053,0.0013330906
0.8158321570,0.0013370937
0.8159287087,0.0013412391
0.8160252603,0.0013455246
0.8161218120,0.0013499476
0.8162183636,0.0013545060
0.8163149153,0.0013591973
0.8164114669,0.0013640192
0.8165080186,0.0013689694
0.8166045703,0.0013740457
0.8167011219,0.0013792458
0.8167976736,0.0013845674
0.8168942252,0.0013900083
0.8169907769,0.0013955663
0.8170873286,0.0014012392
0.8171838802,0.0014072793
0.8172804319,0.0014136316
0.8173769835,0.0014201281
0.8174735352,0.0014267674
0.8175700868,0.0014335479
0.8176666385,0.0014404682
0.8177631902,0.0014475270
0.8178597418,0.0014547226
0.8179562935,0.0014620538
0.8180528451,0.0014695190
0.8181493968,0.0014771168
0.8182459485,0.0014848457
0.8183425001,0.0014927044
0.8184390518,0.0015006913
0.8185356034,0.0015088051
0.8186321551,0.0015170442
0.8187287067,0.0015254072
0.8188252584,0.0015338928
0.8189218101,0.0015424993
0.8190183617,0.0015512255
0.8191149134,0.0015600698
0.8192114650,0.0015690308
0.8193080167,0.0015781071
0.8194045684,0.0015872972
0.8195011200,0.0015965996
0.8195976717,0.0016060130
0.8196942233,0.0016155358
0.8197907750,0.0016251667
0.8198873267,0.0016349041
0.8199838783,0.0016447467
0.8200804300,0.0016546930
0.8201769816,0.0016647415
0.8202735333,0.0016748908
0.8203700849,0.0016854046
0.8204666366,0.0016966243
0.8205631883,0.0017080167
0.8206597399,0.0017195824
0.8207562916,0.0017313222
0.8208528432,0.0017432369
0.8209493949,0.0017553273
0.8210459466,0.0017675940
0.8211424982,0.0017800378
0.8212390499,0.0017926596
0.8213356015,0.0018054599
0.8214321532,0.0018184397
0.8215287048,0.0018315996
0.8216252565,0.0018449405
0.8217218082,0.0018584630
0.8218183598,0.0018721679
0.8219149115,0.0018860561
0.8220114631,0.0019001281
0.8221080148,0.0019143848
0.8222045665,0.0019288270
0.8223011181,0.0019434554
0.8223976698,0.0019582708
0.8224942214,0.0019732738
0.8225907731,0.0019884653
0.8226873248,0.0020038461
0.8227838764,0.0020194168
0.8228804281,0.0020351782
0.8229769797,0.0020511312
0.8230735314,0.0020672763
0.8231700830,0.0020848493
0.8232666347,0.0021050432
0.8233631864,0.0021277957
0.8234597380,0.0021530443
0.8235562897,0.0021808081
0.8236528413,0.0022126023
0.8237493930,0.0022468592
0.8238459447,0.0022835209
0.8239424963,0.0023225293
0.8240390480,0.0023638264
0.8241355996,0.0024073542
0.8242321513,0.0024530546
0.8243287029,0.0025008697
0.8244252546,0.0025507415
0.8245218063,0.0026026118
0.8246183579,0.0026564228
0.8247149096,0.0027121164
0.8248114612,0.0027696346
0.8249080129,0.0028289194
0.8250045646,0.0028899127
0.8251011162,0.0029525566
0.8251976679,0.0030167930
0.8252942195,0.0030825639
0.8253907712,0.0031498114
0.8254873229,0.0032184773
0.8255838745,0.0032885037
0.8256804262,0.0033598326
0.8257769778,0.0034324060
0.8258735295,0.0035061658
0.8259700811,0.0035810540
0.8260666328,0.0036570126
0.8261631845,0.0037339837
0.8262597361,0.0038119091
0.8263562878,0.0038907309
0.8264528394,0.0039703910
0.8265493911,0.0040508315
0.8266459428,0.0041319944
0.8267424944,0.0042138216
0.8268390461,0.0042980320
0.8269355977,0.0043834834
0.8270321494,0.0044696349
0.8271287011,0.0045564347
0.8272252527,0.0046438306
0.8273218044,0.0047317706
0.8274183560,0.0048202027
0.8275149077,0.0049090748
0.8276114593,0.0049983351
0.8277080110,0.0050879313
0.8278045627,0.0051778115
0.8279011143,0.0052679237
0.8279976660,0.0053582159
0.8280942176,0.0054486360
0.8281907693,0.0055391320
0.8282873210,0.0056296518
0.8283838726,0.0057201435
0.8284804243,0.0058105551
0.8285769759,0.0059008344
0.8286735276,0.0059909295
0.8287700792,0.0060807884
0.8288666309,0.0061703590
0.8289631826,0.0062595893
0.8290597342,0.0063484273
0.8291562859,0.0064368209
0.8292528375,0.0065247182
0.8293493892,0.0066120671
0.8294459409,0.0066988155
0.8295424925,0.0067849115
0.8296390442,0.0068703031
0.8297355958,0.0069549381
0.8298321475,0.0070387647
0.8299286992,0.0071217307
0.8300252508,0.0072065928
0.8301218025,0.0072936303
0.8302183541,0.0073801645
0.8303149058,0.0074661583
0.8304114574,0.0075515742
0.8305080091,0.0076363752
0.8306045608,0.0077205238
0.8307011124,0.0078039829
0.8307976641,0.0078867151
0.8308942157,0.0079686833
0.8309907674,0.0080498501
0.8310873191,0.0081301783
0.8311838707,0.0082096306
0.8312804224,0.0082881698
0.8313769740,0.0083657586
0.8314735257,0.0084423597
0.8315700774,0.0085179360
0.8316666290,0.0085924500
0.8317631807,0.0086658646
0.8318597323,0.0087381424
0.8319562840,0.0088092463
0.8320528356,0.0088791390
0.8321493873,0.0089477831
0.8322459390,0.0090151415
0.8323424906,0.0090811769
0.8324390423,0.0091458520
0.8325355939,0.0092091295
0.8326321456,0.0092709723
0.8327286973,0.0093313429
0.8328252489,0.0093902042
0.8329218006,0.0094520656
0.8330183522,0.0095139791
0.8331149039,0.0095748444
0.8332114555,0.0096346416
0.8333080072,0.0096933512
0.8334045589,0.0097509533
0.8335011105,0.0098074282
0.8335976622,0.0098627562
0.8336942138,0.0099169175
0.8337907655,0.0099698924
0.8338873172,0.0100216612
0.8339838688,0.0100722040
0.8340804205,0.0101215013
0.8341769721,0.0101695331
0.8342735238,0.0102162799
0.8343700755,0.0102617218
0.8344666271,0.0103058391
0.8345631788,0.0103486121
0.8346597304,0.0103903248
0.8347562821,0.0104271985
0.8348528337,0.0104558127
0.8349493854,0.0104763079
0.8350459371,0.0104888246
0.8351424887,0.0104935030
0.8352390404,0.0104904838
0.8353355920,0.0104799074
0.8354321437,0.0104619141
0.8355286954,0.0104366444
0.8356252470,0.0104042389
0.8357217987,0.0103648378
0.8358183503,0.0103185817
0.8359149020,0.0102646673
0.8360114537,0.0102035577
0.8361080053,0.0101357192
0.8362045570,0.0100612745
0.8363011086,0.0099803460
0.8363976603,0.0098930564
0.8364942119,0.0097995282
0.8365907636,0.0096998839
0.8366873153,0.0095942461
0.8367838669,0.0094827374
0.8368804186,0.0093654803
0.8369769702,0.0092425974
0.8370735219,0.0091142112
0.8371700736,0.0089808289
0.8372666252,0.0088428292
0.8373631769,0.0086999044
0.8374597285,0.0085521915
0.8375562802,0.0083998272
0.8376528319,0.0082429484
0.8377493835,0.0080816921
0.8378459352,0.0079161950
0.8379424868,0.0077465941
0.8380390385,0.0075730261
0.8381355901,0.0073956280
0.8382321418,0.0072145367
0.8383286935,0.0070348982
0.8384252451,0.0068581610
0.8385217968,0.0066795117
0.8386183484,0.0064990342
0.8387149001,0.0063168120
0.8388114518,0.0061329289
0.8389080034,0.0059528962
0.8390045551,0.0057752338
0.8391011067,0.0055984199
0.8391976584,0.0054225381
0.8392942101,0.0052476723
0.8393907617,0.0050739060
0.8394873134,0.0049058137
0.8395838650,0.0047403494
0.8396804167,0.0045775755
0.8397769683,0.0044175756
0.8398735200,0.0042604336
0.8399700717,0.0041064617
0.8400666233,0.0039556490
0.8401631750,0.0038080378
0.8402597266,0.0036637119
0.8403562783,0.0035227550
0.8404528300,0.0033850251
0.8405493816,0.0032506122
0.8406459333,0.0031197002
0.8407424849,0.0029923729
0.8408390366,0.0028687138
0.8409355882,0.0027485383
0.8410321399,0.0026317599
0.8411286916,0.0025187025
0.8412252432,0.0024094498
0.8413217949,0.0023040855
0.8414183465,0.0022026149
0.8415148982,0.0021049254
0.8416114499,0.0020112056
0.8417080015,0.0019215127
0.8418045532,0.0018359042
0.8419011048,0.0017544574
0.8419976565,0.0016773856
0.8420942082,0.0016046697
0.8421907598,0.0015363828
0.8422873115,0.0014725980
0.8423838631,0.0014133886
0.8424804148,0.0013588843
0.8425769664,0.0013091345
0.8426735181,0.0012642159
0.8427700698,0.0012242065
0.8428666214,0.0011891847
0.8429631731,0.0011592288
0.8430597247,0.0011344169
0.8431562764,0.0011146348
0.8432528281,0.0010998464
0.8433493797,0.0010902586
0.8434459314,0.0010859279
0.8435424830,0.0010869109
0.8436390347,0.0010932641
0.8437355864,0.0011050440
0.8438321380,0.0011222727
0.8439286897,0.0011442841
0.8440252413,0.0011715969
0.8441217930,0.0012042330
0.8442183446,0.0012422144
0.8443148963,0.0012855629
0.8444114480,0.0013343004
0.8445079996,0.0013884486
0.8446045513,0.0014483178
0.8447011029,0.0015139871
0.8447976546,0.0015853426
0.8448942063,0.0016624293
0.8449907579,0.0017452923
0.8450873096,0.0018339765
0.8451838612,0.0019285272
0.8452804129,0.0020350902
0.8453769646,0.0021968049
0.8454735162,0.0023947389
0.8455700679,0.0026460598
0.8456666195,0.0029484979
0.8457631712,0.0033007483
0.8458597228,0.0037000275
0.8459562745,0.0041485012
0.8460528262,0.0046476762
0.8461493778,0.0051970029
0.8462459295,0.0057974892
1.0000000000,0.0000000000